[2026-09-26T06:27:51.961+0000] {processor.py:161} INFO - Started process (PID=163) to work on /opt/airflow/dags/tiki_pipeline_dag.py
[2026-09-26T06:27:51.964+0000] {processor.py:830} INFO - Processing file /opt/airflow/dags/tiki_pipeline_dag.py for tasks to queue
[2026-09-26T06:27:51.966+0000] {logging_mixin.py:188} INFO - [2026-09-26T06:27:51.965+0000] {dagbag.py:538} INFO - Filling up the DagBag from /opt/airflow/dags/tiki_pipeline_dag.py
[2026-09-26T06:27:52.003+0000] {processor.py:840} INFO - DAG(s) 'tiki_end_to_end_pipeline' retrieved from /opt/airflow/dags/tiki_pipeline_dag.py
[2026-09-26T06:27:56.039+0000] {logging_mixin.py:188} INFO - [2026-09-26T06:27:56.037+0000] {override.py:1769} INFO - Created Permission View: can delete on DAG:tiki_end_to_end_pipeline
[2026-09-26T06:27:56.998+0000] {logging_mixin.py:188} INFO - [2026-09-26T06:27:56.998+0000] {override.py:1769} INFO - Created Permission View: can read on DAG:tiki_end_to_end_pipeline
[2026-09-26T06:27:57.915+0000] {logging_mixin.py:188} INFO - [2026-09-26T06:27:57.914+0000] {override.py:1769} INFO - Created Permission View: can edit on DAG:tiki_end_to_end_pipeline
[2026-09-26T06:27:57.916+0000] {logging_mixin.py:188} INFO - [2026-09-26T06:27:57.916+0000] {dag.py:3036} INFO - Sync 1 DAGs
[2026-09-26T06:27:58.140+0000] {logging_mixin.py:188} INFO - [2026-09-26T06:27:58.139+0000] {dag.py:3058} INFO - Creating ORM DAG for tiki_end_to_end_pipeline
[2026-09-26T06:27:58.440+0000] {logging_mixin.py:188} INFO - [2026-09-26T06:27:58.440+0000] {dag.py:3823} INFO - Setting next_dagrun for tiki_end_to_end_pipeline to 2026-09-24 10:00:00+00:00, run_after=2026-09-25 10:00:00+00:00
[2026-09-26T06:28:00.503+0000] {processor.py:183} INFO - Processing /opt/airflow/dags/tiki_pipeline_dag.py took 8.550 seconds
[2026-09-26T06:28:30.913+0000] {processor.py:161} INFO - Started process (PID=169) to work on /opt/airflow/dags/tiki_pipeline_dag.py
[2026-09-26T06:28:30.915+0000] {processor.py:830} INFO - Processing file /opt/airflow/dags/tiki_pipeline_dag.py for tasks to queue
[2026-09-26T06:28:30.916+0000] {logging_mixin.py:188} INFO - [2026-09-26T06:28:30.915+0000] {dagbag.py:538} INFO - Filling up the DagBag from /opt/airflow/dags/tiki_pipeline_dag.py
[2026-09-26T06:28:30.933+0000] {processor.py:840} INFO - DAG(s) 'tiki_end_to_end_pipeline' retrieved from /opt/airflow/dags/tiki_pipeline_dag.py
[2026-09-26T06:28:33.021+0000] {logging_mixin.py:188} INFO - [2026-09-26T06:28:33.021+0000] {dag.py:3036} INFO - Sync 1 DAGs
[2026-09-26T06:28:33.369+0000] {logging_mixin.py:188} INFO - [2026-09-26T06:28:33.368+0000] {dag.py:3823} INFO - Setting next_dagrun for tiki_end_to_end_pipeline to 2026-09-24 10:00:00+00:00, run_after=2026-09-25 10:00:00+00:00
[2026-09-26T06:28:35.398+0000] {processor.py:183} INFO - Processing /opt/airflow/dags/tiki_pipeline_dag.py took 4.488 seconds
[2026-09-26T06:29:06.191+0000] {processor.py:161} INFO - Started process (PID=174) to work on /opt/airflow/dags/tiki_pipeline_dag.py
[2026-09-26T06:29:06.192+0000] {processor.py:830} INFO - Processing file /opt/airflow/dags/tiki_pipeline_dag.py for tasks to queue
[2026-09-26T06:29:06.194+0000] {logging_mixin.py:188} INFO - [2026-09-26T06:29:06.193+0000] {dagbag.py:538} INFO - Filling up the DagBag from /opt/airflow/dags/tiki_pipeline_dag.py
[2026-09-26T06:29:06.211+0000] {processor.py:840} INFO - DAG(s) 'tiki_end_to_end_pipeline' retrieved from /opt/airflow/dags/tiki_pipeline_dag.py
[2026-09-26T06:29:08.168+0000] {logging_mixin.py:188} INFO - [2026-09-26T06:29:08.167+0000] {dag.py:3036} INFO - Sync 1 DAGs
[2026-09-26T06:29:08.529+0000] {logging_mixin.py:188} INFO - [2026-09-26T06:29:08.528+0000] {dag.py:3823} INFO - Setting next_dagrun for tiki_end_to_end_pipeline to 2026-09-24 10:00:00+00:00, run_after=2026-09-25 10:00:00+00:00
[2026-09-26T06:29:10.381+0000] {processor.py:183} INFO - Processing /opt/airflow/dags/tiki_pipeline_dag.py took 4.196 seconds
[2026-09-26T06:29:40.968+0000] {processor.py:161} INFO - Started process (PID=179) to work on /opt/airflow/dags/tiki_pipeline_dag.py
[2026-09-26T06:29:40.969+0000] {processor.py:830} INFO - Processing file /opt/airflow/dags/tiki_pipeline_dag.py for tasks to queue
[2026-09-26T06:29:40.971+0000] {logging_mixin.py:188} INFO - [2026-09-26T06:29:40.970+0000] {dagbag.py:538} INFO - Filling up the DagBag from /opt/airflow/dags/tiki_pipeline_dag.py
[2026-09-26T06:29:40.986+0000] {processor.py:840} INFO - DAG(s) 'tiki_end_to_end_pipeline' retrieved from /opt/airflow/dags/tiki_pipeline_dag.py
[2026-09-26T06:29:42.942+0000] {logging_mixin.py:188} INFO - [2026-09-26T06:29:42.941+0000] {dag.py:3036} INFO - Sync 1 DAGs
[2026-09-26T06:29:43.275+0000] {logging_mixin.py:188} INFO - [2026-09-26T06:29:43.275+0000] {dag.py:3823} INFO - Setting next_dagrun for tiki_end_to_end_pipeline to 2026-09-24 10:00:00+00:00, run_after=2026-09-25 10:00:00+00:00
[2026-09-26T06:29:45.182+0000] {processor.py:183} INFO - Processing /opt/airflow/dags/tiki_pipeline_dag.py took 4.220 seconds
[2026-09-26T06:30:15.424+0000] {processor.py:161} INFO - Started process (PID=184) to work on /opt/airflow/dags/tiki_pipeline_dag.py
[2026-09-26T06:30:15.425+0000] {processor.py:830} INFO - Processing file /opt/airflow/dags/tiki_pipeline_dag.py for tasks to queue
[2026-09-26T06:30:15.427+0000] {logging_mixin.py:188} INFO - [2026-09-26T06:30:15.426+0000] {dagbag.py:538} INFO - Filling up the DagBag from /opt/airflow/dags/tiki_pipeline_dag.py
[2026-09-26T06:30:15.443+0000] {processor.py:840} INFO - DAG(s) 'tiki_end_to_end_pipeline' retrieved from /opt/airflow/dags/tiki_pipeline_dag.py
[2026-09-26T06:30:17.608+0000] {logging_mixin.py:188} INFO - [2026-09-26T06:30:17.607+0000] {dag.py:3036} INFO - Sync 1 DAGs
[2026-09-26T06:30:17.979+0000] {logging_mixin.py:188} INFO - [2026-09-26T06:30:17.978+0000] {dag.py:3823} INFO - Setting next_dagrun for tiki_end_to_end_pipeline to 2026-09-24 10:00:00+00:00, run_after=2026-09-25 10:00:00+00:00
[2026-09-26T06:30:20.073+0000] {processor.py:183} INFO - Processing /opt/airflow/dags/tiki_pipeline_dag.py took 4.655 seconds
[2026-09-26T06:30:50.730+0000] {processor.py:161} INFO - Started process (PID=189) to work on /opt/airflow/dags/tiki_pipeline_dag.py
[2026-09-26T06:30:50.731+0000] {processor.py:830} INFO - Processing file /opt/airflow/dags/tiki_pipeline_dag.py for tasks to queue
[2026-09-26T06:30:50.732+0000] {logging_mixin.py:188} INFO - [2026-09-26T06:30:50.732+0000] {dagbag.py:538} INFO - Filling up the DagBag from /opt/airflow/dags/tiki_pipeline_dag.py
[2026-09-26T06:30:50.748+0000] {processor.py:840} INFO - DAG(s) 'tiki_end_to_end_pipeline' retrieved from /opt/airflow/dags/tiki_pipeline_dag.py
[2026-09-26T06:30:52.727+0000] {logging_mixin.py:188} INFO - [2026-09-26T06:30:52.726+0000] {dag.py:3036} INFO - Sync 1 DAGs
[2026-09-26T06:30:53.069+0000] {logging_mixin.py:188} INFO - [2026-09-26T06:30:53.068+0000] {dag.py:3823} INFO - Setting next_dagrun for tiki_end_to_end_pipeline to 2026-09-24 10:00:00+00:00, run_after=2026-09-25 10:00:00+00:00
[2026-09-26T06:30:54.958+0000] {processor.py:183} INFO - Processing /opt/airflow/dags/tiki_pipeline_dag.py took 4.233 seconds
[2026-09-26T06:31:25.915+0000] {processor.py:161} INFO - Started process (PID=194) to work on /opt/airflow/dags/tiki_pipeline_dag.py
[2026-09-26T06:31:25.916+0000] {processor.py:830} INFO - Processing file /opt/airflow/dags/tiki_pipeline_dag.py for tasks to queue
[2026-09-26T06:31:25.917+0000] {logging_mixin.py:188} INFO - [2026-09-26T06:31:25.917+0000] {dagbag.py:538} INFO - Filling up the DagBag from /opt/airflow/dags/tiki_pipeline_dag.py
[2026-09-26T06:31:25.935+0000] {processor.py:840} INFO - DAG(s) 'tiki_end_to_end_pipeline' retrieved from /opt/airflow/dags/tiki_pipeline_dag.py
[2026-09-26T06:31:28.055+0000] {logging_mixin.py:188} INFO - [2026-09-26T06:31:28.054+0000] {dag.py:3036} INFO - Sync 1 DAGs
[2026-09-26T06:31:28.414+0000] {logging_mixin.py:188} INFO - [2026-09-26T06:31:28.414+0000] {dag.py:3823} INFO - Setting next_dagrun for tiki_end_to_end_pipeline to 2026-09-24 10:00:00+00:00, run_after=2026-09-25 10:00:00+00:00
[2026-09-26T06:31:56.021+0000] {processor.py:161} INFO - Started process (PID=163) to work on /opt/airflow/dags/tiki_pipeline_dag.py
[2026-09-26T06:31:56.022+0000] {processor.py:830} INFO - Processing file /opt/airflow/dags/tiki_pipeline_dag.py for tasks to queue
[2026-09-26T06:31:56.023+0000] {logging_mixin.py:188} INFO - [2026-09-26T06:31:56.023+0000] {dagbag.py:538} INFO - Filling up the DagBag from /opt/airflow/dags/tiki_pipeline_dag.py
[2026-09-26T06:31:56.049+0000] {processor.py:840} INFO - DAG(s) 'tiki_end_to_end_pipeline' retrieved from /opt/airflow/dags/tiki_pipeline_dag.py
[2026-09-26T06:31:58.122+0000] {logging_mixin.py:188} INFO - [2026-09-26T06:31:58.121+0000] {dag.py:3036} INFO - Sync 1 DAGs
[2026-09-26T06:31:58.461+0000] {logging_mixin.py:188} INFO - [2026-09-26T06:31:58.460+0000] {dag.py:3823} INFO - Setting next_dagrun for tiki_end_to_end_pipeline to 2026-09-24 10:00:00+00:00, run_after=2026-09-25 10:00:00+00:00
[2026-09-26T06:32:00.373+0000] {processor.py:183} INFO - Processing /opt/airflow/dags/tiki_pipeline_dag.py took 4.356 seconds
[2026-09-26T06:32:54.902+0000] {processor.py:161} INFO - Started process (PID=163) to work on /opt/airflow/dags/tiki_pipeline_dag.py
[2026-09-26T06:32:54.903+0000] {processor.py:830} INFO - Processing file /opt/airflow/dags/tiki_pipeline_dag.py for tasks to queue
[2026-09-26T06:32:54.904+0000] {logging_mixin.py:188} INFO - [2026-09-26T06:32:54.904+0000] {dagbag.py:538} INFO - Filling up the DagBag from /opt/airflow/dags/tiki_pipeline_dag.py
[2026-09-26T06:32:54.931+0000] {processor.py:840} INFO - DAG(s) 'tiki_end_to_end_pipeline' retrieved from /opt/airflow/dags/tiki_pipeline_dag.py
[2026-09-26T06:32:58.303+0000] {logging_mixin.py:188} INFO - [2026-09-26T06:32:58.303+0000] {dag.py:3036} INFO - Sync 1 DAGs
[2026-09-26T06:32:58.645+0000] {logging_mixin.py:188} INFO - [2026-09-26T06:32:58.645+0000] {dag.py:3823} INFO - Setting next_dagrun for tiki_end_to_end_pipeline to 2026-09-24 10:00:00+00:00, run_after=2026-09-25 10:00:00+00:00
[2026-09-26T06:33:00.771+0000] {processor.py:183} INFO - Processing /opt/airflow/dags/tiki_pipeline_dag.py took 5.873 seconds
[2026-09-26T06:33:31.279+0000] {processor.py:161} INFO - Started process (PID=169) to work on /opt/airflow/dags/tiki_pipeline_dag.py
[2026-09-26T06:33:31.281+0000] {processor.py:830} INFO - Processing file /opt/airflow/dags/tiki_pipeline_dag.py for tasks to queue
[2026-09-26T06:33:31.283+0000] {logging_mixin.py:188} INFO - [2026-09-26T06:33:31.282+0000] {dagbag.py:538} INFO - Filling up the DagBag from /opt/airflow/dags/tiki_pipeline_dag.py
[2026-09-26T06:33:31.301+0000] {processor.py:840} INFO - DAG(s) 'tiki_end_to_end_pipeline' retrieved from /opt/airflow/dags/tiki_pipeline_dag.py
[2026-09-26T06:33:34.444+0000] {logging_mixin.py:188} INFO - [2026-09-26T06:33:34.443+0000] {dag.py:3036} INFO - Sync 1 DAGs
[2026-09-26T06:33:34.792+0000] {logging_mixin.py:188} INFO - [2026-09-26T06:33:34.791+0000] {dag.py:3823} INFO - Setting next_dagrun for tiki_end_to_end_pipeline to 2026-09-24 10:00:00+00:00, run_after=2026-09-25 10:00:00+00:00
[2026-09-26T06:33:36.852+0000] {processor.py:183} INFO - Processing /opt/airflow/dags/tiki_pipeline_dag.py took 5.577 seconds
[2026-09-26T06:34:06.903+0000] {processor.py:161} INFO - Started process (PID=174) to work on /opt/airflow/dags/tiki_pipeline_dag.py
[2026-09-26T06:34:06.904+0000] {processor.py:830} INFO - Processing file /opt/airflow/dags/tiki_pipeline_dag.py for tasks to queue
[2026-09-26T06:34:06.905+0000] {logging_mixin.py:188} INFO - [2026-09-26T06:34:06.904+0000] {dagbag.py:538} INFO - Filling up the DagBag from /opt/airflow/dags/tiki_pipeline_dag.py
[2026-09-26T06:34:06.919+0000] {processor.py:840} INFO - DAG(s) 'tiki_end_to_end_pipeline' retrieved from /opt/airflow/dags/tiki_pipeline_dag.py
[2026-09-26T06:34:08.977+0000] {logging_mixin.py:188} INFO - [2026-09-26T06:34:08.976+0000] {dag.py:3036} INFO - Sync 1 DAGs
[2026-09-26T06:34:09.329+0000] {logging_mixin.py:188} INFO - [2026-09-26T06:34:09.328+0000] {dag.py:3823} INFO - Setting next_dagrun for tiki_end_to_end_pipeline to 2026-09-24 10:00:00+00:00, run_after=2026-09-25 10:00:00+00:00
[2026-09-26T06:34:11.291+0000] {processor.py:183} INFO - Processing /opt/airflow/dags/tiki_pipeline_dag.py took 4.393 seconds
[2026-09-26T06:34:41.887+0000] {processor.py:161} INFO - Started process (PID=179) to work on /opt/airflow/dags/tiki_pipeline_dag.py
[2026-09-26T06:34:41.888+0000] {processor.py:830} INFO - Processing file /opt/airflow/dags/tiki_pipeline_dag.py for tasks to queue
[2026-09-26T06:34:41.889+0000] {logging_mixin.py:188} INFO - [2026-09-26T06:34:41.889+0000] {dagbag.py:538} INFO - Filling up the DagBag from /opt/airflow/dags/tiki_pipeline_dag.py
[2026-09-26T06:34:41.904+0000] {processor.py:840} INFO - DAG(s) 'tiki_end_to_end_pipeline' retrieved from /opt/airflow/dags/tiki_pipeline_dag.py
[2026-09-26T06:34:43.956+0000] {logging_mixin.py:188} INFO - [2026-09-26T06:34:43.956+0000] {dag.py:3036} INFO - Sync 1 DAGs
[2026-09-26T06:34:44.307+0000] {logging_mixin.py:188} INFO - [2026-09-26T06:34:44.307+0000] {dag.py:3823} INFO - Setting next_dagrun for tiki_end_to_end_pipeline to 2026-09-24 10:00:00+00:00, run_after=2026-09-25 10:00:00+00:00
[2026-09-26T06:34:46.239+0000] {processor.py:183} INFO - Processing /opt/airflow/dags/tiki_pipeline_dag.py took 4.357 seconds
[2026-09-26T06:35:16.341+0000] {processor.py:161} INFO - Started process (PID=184) to work on /opt/airflow/dags/tiki_pipeline_dag.py
[2026-09-26T06:35:16.342+0000] {processor.py:830} INFO - Processing file /opt/airflow/dags/tiki_pipeline_dag.py for tasks to queue
[2026-09-26T06:35:16.343+0000] {logging_mixin.py:188} INFO - [2026-09-26T06:35:16.343+0000] {dagbag.py:538} INFO - Filling up the DagBag from /opt/airflow/dags/tiki_pipeline_dag.py
[2026-09-26T06:35:16.361+0000] {processor.py:840} INFO - DAG(s) 'tiki_end_to_end_pipeline' retrieved from /opt/airflow/dags/tiki_pipeline_dag.py
[2026-09-26T06:35:18.374+0000] {logging_mixin.py:188} INFO - [2026-09-26T06:35:18.373+0000] {dag.py:3036} INFO - Sync 1 DAGs
[2026-09-26T06:35:18.711+0000] {logging_mixin.py:188} INFO - [2026-09-26T06:35:18.711+0000] {dag.py:3823} INFO - Setting next_dagrun for tiki_end_to_end_pipeline to 2026-09-24 10:00:00+00:00, run_after=2026-09-25 10:00:00+00:00
[2026-09-26T06:35:20.695+0000] {processor.py:183} INFO - Processing /opt/airflow/dags/tiki_pipeline_dag.py took 4.358 seconds
[2026-09-26T06:35:50.758+0000] {processor.py:161} INFO - Started process (PID=189) to work on /opt/airflow/dags/tiki_pipeline_dag.py
[2026-09-26T06:35:50.759+0000] {processor.py:830} INFO - Processing file /opt/airflow/dags/tiki_pipeline_dag.py for tasks to queue
[2026-09-26T06:35:50.761+0000] {logging_mixin.py:188} INFO - [2026-09-26T06:35:50.760+0000] {dagbag.py:538} INFO - Filling up the DagBag from /opt/airflow/dags/tiki_pipeline_dag.py
[2026-09-26T06:35:50.781+0000] {processor.py:840} INFO - DAG(s) 'tiki_end_to_end_pipeline' retrieved from /opt/airflow/dags/tiki_pipeline_dag.py
[2026-09-26T06:35:52.727+0000] {logging_mixin.py:188} INFO - [2026-09-26T06:35:52.726+0000] {dag.py:3036} INFO - Sync 1 DAGs
[2026-09-26T06:35:53.063+0000] {logging_mixin.py:188} INFO - [2026-09-26T06:35:53.063+0000] {dag.py:3823} INFO - Setting next_dagrun for tiki_end_to_end_pipeline to 2026-09-24 10:00:00+00:00, run_after=2026-09-25 10:00:00+00:00
[2026-09-26T06:35:55.013+0000] {processor.py:183} INFO - Processing /opt/airflow/dags/tiki_pipeline_dag.py took 4.261 seconds
[2026-09-26T06:36:25.249+0000] {processor.py:161} INFO - Started process (PID=194) to work on /opt/airflow/dags/tiki_pipeline_dag.py
[2026-09-26T06:36:25.251+0000] {processor.py:830} INFO - Processing file /opt/airflow/dags/tiki_pipeline_dag.py for tasks to queue
[2026-09-26T06:36:25.253+0000] {logging_mixin.py:188} INFO - [2026-09-26T06:36:25.252+0000] {dagbag.py:538} INFO - Filling up the DagBag from /opt/airflow/dags/tiki_pipeline_dag.py
[2026-09-26T06:36:25.271+0000] {processor.py:840} INFO - DAG(s) 'tiki_end_to_end_pipeline' retrieved from /opt/airflow/dags/tiki_pipeline_dag.py
[2026-09-26T06:36:27.261+0000] {logging_mixin.py:188} INFO - [2026-09-26T06:36:27.260+0000] {dag.py:3036} INFO - Sync 1 DAGs
[2026-09-26T06:36:27.619+0000] {logging_mixin.py:188} INFO - [2026-09-26T06:36:27.619+0000] {dag.py:3823} INFO - Setting next_dagrun for tiki_end_to_end_pipeline to 2026-09-24 10:00:00+00:00, run_after=2026-09-25 10:00:00+00:00
[2026-09-26T06:36:29.595+0000] {processor.py:183} INFO - Processing /opt/airflow/dags/tiki_pipeline_dag.py took 4.350 seconds
[2026-09-26T06:37:00.279+0000] {processor.py:161} INFO - Started process (PID=199) to work on /opt/airflow/dags/tiki_pipeline_dag.py
[2026-09-26T06:37:00.281+0000] {processor.py:830} INFO - Processing file /opt/airflow/dags/tiki_pipeline_dag.py for tasks to queue
[2026-09-26T06:37:00.282+0000] {logging_mixin.py:188} INFO - [2026-09-26T06:37:00.281+0000] {dagbag.py:538} INFO - Filling up the DagBag from /opt/airflow/dags/tiki_pipeline_dag.py
[2026-09-26T06:37:00.296+0000] {processor.py:840} INFO - DAG(s) 'tiki_end_to_end_pipeline' retrieved from /opt/airflow/dags/tiki_pipeline_dag.py
[2026-09-26T06:37:02.316+0000] {logging_mixin.py:188} INFO - [2026-09-26T06:37:02.315+0000] {dag.py:3036} INFO - Sync 1 DAGs
[2026-09-26T06:37:02.656+0000] {logging_mixin.py:188} INFO - [2026-09-26T06:37:02.656+0000] {dag.py:3823} INFO - Setting next_dagrun for tiki_end_to_end_pipeline to 2026-09-24 10:00:00+00:00, run_after=2026-09-25 10:00:00+00:00
[2026-09-26T06:37:04.889+0000] {processor.py:183} INFO - Processing /opt/airflow/dags/tiki_pipeline_dag.py took 4.613 seconds
[2026-09-26T06:37:35.144+0000] {processor.py:161} INFO - Started process (PID=204) to work on /opt/airflow/dags/tiki_pipeline_dag.py
[2026-09-26T06:37:35.145+0000] {processor.py:830} INFO - Processing file /opt/airflow/dags/tiki_pipeline_dag.py for tasks to queue
[2026-09-26T06:37:35.147+0000] {logging_mixin.py:188} INFO - [2026-09-26T06:37:35.147+0000] {dagbag.py:538} INFO - Filling up the DagBag from /opt/airflow/dags/tiki_pipeline_dag.py
[2026-09-26T06:37:35.170+0000] {processor.py:840} INFO - DAG(s) 'tiki_end_to_end_pipeline' retrieved from /opt/airflow/dags/tiki_pipeline_dag.py
[2026-09-26T06:37:37.201+0000] {logging_mixin.py:188} INFO - [2026-09-26T06:37:37.201+0000] {dag.py:3036} INFO - Sync 1 DAGs
[2026-09-26T06:37:37.528+0000] {logging_mixin.py:188} INFO - [2026-09-26T06:37:37.527+0000] {dag.py:3823} INFO - Setting next_dagrun for tiki_end_to_end_pipeline to 2026-09-24 10:00:00+00:00, run_after=2026-09-25 10:00:00+00:00
[2026-09-26T06:37:39.518+0000] {processor.py:183} INFO - Processing /opt/airflow/dags/tiki_pipeline_dag.py took 4.380 seconds
[2026-09-26T06:38:09.861+0000] {processor.py:161} INFO - Started process (PID=209) to work on /opt/airflow/dags/tiki_pipeline_dag.py
[2026-09-26T06:38:09.862+0000] {processor.py:830} INFO - Processing file /opt/airflow/dags/tiki_pipeline_dag.py for tasks to queue
[2026-09-26T06:38:09.863+0000] {logging_mixin.py:188} INFO - [2026-09-26T06:38:09.863+0000] {dagbag.py:538} INFO - Filling up the DagBag from /opt/airflow/dags/tiki_pipeline_dag.py
[2026-09-26T06:38:09.879+0000] {processor.py:840} INFO - DAG(s) 'tiki_end_to_end_pipeline' retrieved from /opt/airflow/dags/tiki_pipeline_dag.py
[2026-09-26T06:38:12.142+0000] {logging_mixin.py:188} INFO - [2026-09-26T06:38:12.142+0000] {dag.py:3036} INFO - Sync 1 DAGs
[2026-09-26T06:38:12.496+0000] {logging_mixin.py:188} INFO - [2026-09-26T06:38:12.496+0000] {dag.py:3823} INFO - Setting next_dagrun for tiki_end_to_end_pipeline to 2026-09-24 10:00:00+00:00, run_after=2026-09-25 10:00:00+00:00
[2026-09-26T06:38:14.493+0000] {processor.py:183} INFO - Processing /opt/airflow/dags/tiki_pipeline_dag.py took 4.636 seconds
[2026-09-26T06:38:44.865+0000] {processor.py:161} INFO - Started process (PID=214) to work on /opt/airflow/dags/tiki_pipeline_dag.py
[2026-09-26T06:38:44.866+0000] {processor.py:830} INFO - Processing file /opt/airflow/dags/tiki_pipeline_dag.py for tasks to queue
[2026-09-26T06:38:44.868+0000] {logging_mixin.py:188} INFO - [2026-09-26T06:38:44.867+0000] {dagbag.py:538} INFO - Filling up the DagBag from /opt/airflow/dags/tiki_pipeline_dag.py
[2026-09-26T06:38:44.888+0000] {processor.py:840} INFO - DAG(s) 'tiki_end_to_end_pipeline' retrieved from /opt/airflow/dags/tiki_pipeline_dag.py
[2026-09-26T06:38:46.887+0000] {logging_mixin.py:188} INFO - [2026-09-26T06:38:46.887+0000] {dag.py:3036} INFO - Sync 1 DAGs
[2026-09-26T06:38:47.221+0000] {logging_mixin.py:188} INFO - [2026-09-26T06:38:47.221+0000] {dag.py:3823} INFO - Setting next_dagrun for tiki_end_to_end_pipeline to 2026-09-24 10:00:00+00:00, run_after=2026-09-25 10:00:00+00:00
[2026-09-26T06:38:49.131+0000] {processor.py:183} INFO - Processing /opt/airflow/dags/tiki_pipeline_dag.py took 4.273 seconds
[2026-09-26T06:39:19.309+0000] {processor.py:161} INFO - Started process (PID=219) to work on /opt/airflow/dags/tiki_pipeline_dag.py
[2026-09-26T06:39:19.310+0000] {processor.py:830} INFO - Processing file /opt/airflow/dags/tiki_pipeline_dag.py for tasks to queue
[2026-09-26T06:39:19.312+0000] {logging_mixin.py:188} INFO - [2026-09-26T06:39:19.312+0000] {dagbag.py:538} INFO - Filling up the DagBag from /opt/airflow/dags/tiki_pipeline_dag.py
[2026-09-26T06:39:19.327+0000] {processor.py:840} INFO - DAG(s) 'tiki_end_to_end_pipeline' retrieved from /opt/airflow/dags/tiki_pipeline_dag.py
[2026-09-26T06:39:21.317+0000] {logging_mixin.py:188} INFO - [2026-09-26T06:39:21.317+0000] {dag.py:3036} INFO - Sync 1 DAGs
[2026-09-26T06:39:21.650+0000] {logging_mixin.py:188} INFO - [2026-09-26T06:39:21.650+0000] {dag.py:3823} INFO - Setting next_dagrun for tiki_end_to_end_pipeline to 2026-09-24 10:00:00+00:00, run_after=2026-09-25 10:00:00+00:00
[2026-09-26T06:39:23.558+0000] {processor.py:183} INFO - Processing /opt/airflow/dags/tiki_pipeline_dag.py took 4.253 seconds
[2026-09-26T06:39:54.377+0000] {processor.py:161} INFO - Started process (PID=224) to work on /opt/airflow/dags/tiki_pipeline_dag.py
[2026-09-26T06:39:54.379+0000] {processor.py:830} INFO - Processing file /opt/airflow/dags/tiki_pipeline_dag.py for tasks to queue
[2026-09-26T06:39:54.380+0000] {logging_mixin.py:188} INFO - [2026-09-26T06:39:54.380+0000] {dagbag.py:538} INFO - Filling up the DagBag from /opt/airflow/dags/tiki_pipeline_dag.py
[2026-09-26T06:39:54.401+0000] {processor.py:840} INFO - DAG(s) 'tiki_end_to_end_pipeline' retrieved from /opt/airflow/dags/tiki_pipeline_dag.py
[2026-09-26T06:39:56.507+0000] {logging_mixin.py:188} INFO - [2026-09-26T06:39:56.507+0000] {dag.py:3036} INFO - Sync 1 DAGs
[2026-09-26T06:39:56.852+0000] {logging_mixin.py:188} INFO - [2026-09-26T06:39:56.852+0000] {dag.py:3823} INFO - Setting next_dagrun for tiki_end_to_end_pipeline to 2026-09-24 10:00:00+00:00, run_after=2026-09-25 10:00:00+00:00
[2026-09-26T06:39:59.061+0000] {processor.py:183} INFO - Processing /opt/airflow/dags/tiki_pipeline_dag.py took 4.689 seconds
[2026-09-26T06:40:30.090+0000] {processor.py:161} INFO - Started process (PID=229) to work on /opt/airflow/dags/tiki_pipeline_dag.py
[2026-09-26T06:40:30.091+0000] {processor.py:830} INFO - Processing file /opt/airflow/dags/tiki_pipeline_dag.py for tasks to queue
[2026-09-26T06:40:30.092+0000] {logging_mixin.py:188} INFO - [2026-09-26T06:40:30.091+0000] {dagbag.py:538} INFO - Filling up the DagBag from /opt/airflow/dags/tiki_pipeline_dag.py
[2026-09-26T06:40:30.105+0000] {processor.py:840} INFO - DAG(s) 'tiki_end_to_end_pipeline' retrieved from /opt/airflow/dags/tiki_pipeline_dag.py
[2026-09-26T06:40:32.241+0000] {logging_mixin.py:188} INFO - [2026-09-26T06:40:32.240+0000] {dag.py:3036} INFO - Sync 1 DAGs
[2026-09-26T06:40:32.610+0000] {logging_mixin.py:188} INFO - [2026-09-26T06:40:32.610+0000] {dag.py:3823} INFO - Setting next_dagrun for tiki_end_to_end_pipeline to 2026-09-24 10:00:00+00:00, run_after=2026-09-25 10:00:00+00:00
[2026-09-26T06:40:34.668+0000] {processor.py:183} INFO - Processing /opt/airflow/dags/tiki_pipeline_dag.py took 4.582 seconds
[2026-09-26T06:41:05.488+0000] {processor.py:161} INFO - Started process (PID=234) to work on /opt/airflow/dags/tiki_pipeline_dag.py
[2026-09-26T06:41:05.489+0000] {processor.py:830} INFO - Processing file /opt/airflow/dags/tiki_pipeline_dag.py for tasks to queue
[2026-09-26T06:41:05.490+0000] {logging_mixin.py:188} INFO - [2026-09-26T06:41:05.490+0000] {dagbag.py:538} INFO - Filling up the DagBag from /opt/airflow/dags/tiki_pipeline_dag.py
[2026-09-26T06:41:05.506+0000] {processor.py:840} INFO - DAG(s) 'tiki_end_to_end_pipeline' retrieved from /opt/airflow/dags/tiki_pipeline_dag.py
[2026-09-26T06:41:07.533+0000] {logging_mixin.py:188} INFO - [2026-09-26T06:41:07.532+0000] {dag.py:3036} INFO - Sync 1 DAGs
[2026-09-26T06:41:07.875+0000] {logging_mixin.py:188} INFO - [2026-09-26T06:41:07.874+0000] {dag.py:3823} INFO - Setting next_dagrun for tiki_end_to_end_pipeline to 2026-09-24 10:00:00+00:00, run_after=2026-09-25 10:00:00+00:00
[2026-09-26T06:41:09.828+0000] {processor.py:183} INFO - Processing /opt/airflow/dags/tiki_pipeline_dag.py took 4.345 seconds
[2026-09-26T06:41:40.137+0000] {processor.py:161} INFO - Started process (PID=239) to work on /opt/airflow/dags/tiki_pipeline_dag.py
[2026-09-26T06:41:40.139+0000] {processor.py:830} INFO - Processing file /opt/airflow/dags/tiki_pipeline_dag.py for tasks to queue
[2026-09-26T06:41:40.140+0000] {logging_mixin.py:188} INFO - [2026-09-26T06:41:40.140+0000] {dagbag.py:538} INFO - Filling up the DagBag from /opt/airflow/dags/tiki_pipeline_dag.py
[2026-09-26T06:41:40.157+0000] {processor.py:840} INFO - DAG(s) 'tiki_end_to_end_pipeline' retrieved from /opt/airflow/dags/tiki_pipeline_dag.py
[2026-09-26T06:41:42.238+0000] {logging_mixin.py:188} INFO - [2026-09-26T06:41:42.237+0000] {dag.py:3036} INFO - Sync 1 DAGs
[2026-09-26T06:41:42.593+0000] {logging_mixin.py:188} INFO - [2026-09-26T06:41:42.593+0000] {dag.py:3823} INFO - Setting next_dagrun for tiki_end_to_end_pipeline to 2026-09-24 10:00:00+00:00, run_after=2026-09-25 10:00:00+00:00
[2026-09-26T06:41:44.536+0000] {processor.py:183} INFO - Processing /opt/airflow/dags/tiki_pipeline_dag.py took 4.405 seconds
[2026-09-26T06:42:14.768+0000] {processor.py:161} INFO - Started process (PID=244) to work on /opt/airflow/dags/tiki_pipeline_dag.py
[2026-09-26T06:42:14.770+0000] {processor.py:830} INFO - Processing file /opt/airflow/dags/tiki_pipeline_dag.py for tasks to queue
[2026-09-26T06:42:14.771+0000] {logging_mixin.py:188} INFO - [2026-09-26T06:42:14.771+0000] {dagbag.py:538} INFO - Filling up the DagBag from /opt/airflow/dags/tiki_pipeline_dag.py
[2026-09-26T06:42:14.787+0000] {processor.py:840} INFO - DAG(s) 'tiki_end_to_end_pipeline' retrieved from /opt/airflow/dags/tiki_pipeline_dag.py
[2026-09-26T06:42:16.796+0000] {logging_mixin.py:188} INFO - [2026-09-26T06:42:16.795+0000] {dag.py:3036} INFO - Sync 1 DAGs
[2026-09-26T06:42:17.140+0000] {logging_mixin.py:188} INFO - [2026-09-26T06:42:17.139+0000] {dag.py:3823} INFO - Setting next_dagrun for tiki_end_to_end_pipeline to 2026-09-24 10:00:00+00:00, run_after=2026-09-25 10:00:00+00:00
[2026-09-26T06:42:19.217+0000] {processor.py:183} INFO - Processing /opt/airflow/dags/tiki_pipeline_dag.py took 4.324 seconds
[2026-09-26T06:42:49.879+0000] {processor.py:161} INFO - Started process (PID=249) to work on /opt/airflow/dags/tiki_pipeline_dag.py
[2026-09-26T06:42:49.880+0000] {processor.py:830} INFO - Processing file /opt/airflow/dags/tiki_pipeline_dag.py for tasks to queue
[2026-09-26T06:42:49.882+0000] {logging_mixin.py:188} INFO - [2026-09-26T06:42:49.881+0000] {dagbag.py:538} INFO - Filling up the DagBag from /opt/airflow/dags/tiki_pipeline_dag.py
[2026-09-26T06:42:49.898+0000] {processor.py:840} INFO - DAG(s) 'tiki_end_to_end_pipeline' retrieved from /opt/airflow/dags/tiki_pipeline_dag.py
[2026-09-26T06:42:52.040+0000] {logging_mixin.py:188} INFO - [2026-09-26T06:42:52.039+0000] {dag.py:3036} INFO - Sync 1 DAGs
[2026-09-26T06:42:52.395+0000] {logging_mixin.py:188} INFO - [2026-09-26T06:42:52.395+0000] {dag.py:3823} INFO - Setting next_dagrun for tiki_end_to_end_pipeline to 2026-09-24 10:00:00+00:00, run_after=2026-09-25 10:00:00+00:00
[2026-09-26T06:42:54.467+0000] {processor.py:183} INFO - Processing /opt/airflow/dags/tiki_pipeline_dag.py took 4.593 seconds
[2026-09-26T06:43:25.022+0000] {processor.py:161} INFO - Started process (PID=254) to work on /opt/airflow/dags/tiki_pipeline_dag.py
[2026-09-26T06:43:25.023+0000] {processor.py:830} INFO - Processing file /opt/airflow/dags/tiki_pipeline_dag.py for tasks to queue
[2026-09-26T06:43:25.024+0000] {logging_mixin.py:188} INFO - [2026-09-26T06:43:25.024+0000] {dagbag.py:538} INFO - Filling up the DagBag from /opt/airflow/dags/tiki_pipeline_dag.py
[2026-09-26T06:43:25.041+0000] {processor.py:840} INFO - DAG(s) 'tiki_end_to_end_pipeline' retrieved from /opt/airflow/dags/tiki_pipeline_dag.py
[2026-09-26T06:43:27.082+0000] {logging_mixin.py:188} INFO - [2026-09-26T06:43:27.082+0000] {dag.py:3036} INFO - Sync 1 DAGs
[2026-09-26T06:43:27.426+0000] {logging_mixin.py:188} INFO - [2026-09-26T06:43:27.426+0000] {dag.py:3823} INFO - Setting next_dagrun for tiki_end_to_end_pipeline to 2026-09-24 10:00:00+00:00, run_after=2026-09-25 10:00:00+00:00
[2026-09-26T06:43:29.417+0000] {processor.py:183} INFO - Processing /opt/airflow/dags/tiki_pipeline_dag.py took 4.401 seconds
[2026-09-26T06:44:00.180+0000] {processor.py:161} INFO - Started process (PID=259) to work on /opt/airflow/dags/tiki_pipeline_dag.py
[2026-09-26T06:44:00.182+0000] {processor.py:830} INFO - Processing file /opt/airflow/dags/tiki_pipeline_dag.py for tasks to queue
[2026-09-26T06:44:00.183+0000] {logging_mixin.py:188} INFO - [2026-09-26T06:44:00.183+0000] {dagbag.py:538} INFO - Filling up the DagBag from /opt/airflow/dags/tiki_pipeline_dag.py
[2026-09-26T06:44:00.200+0000] {processor.py:840} INFO - DAG(s) 'tiki_end_to_end_pipeline' retrieved from /opt/airflow/dags/tiki_pipeline_dag.py
[2026-09-26T06:44:02.313+0000] {logging_mixin.py:188} INFO - [2026-09-26T06:44:02.312+0000] {dag.py:3036} INFO - Sync 1 DAGs
[2026-09-26T06:44:02.669+0000] {logging_mixin.py:188} INFO - [2026-09-26T06:44:02.669+0000] {dag.py:3823} INFO - Setting next_dagrun for tiki_end_to_end_pipeline to 2026-09-24 10:00:00+00:00, run_after=2026-09-25 10:00:00+00:00
[2026-09-26T06:44:04.701+0000] {processor.py:183} INFO - Processing /opt/airflow/dags/tiki_pipeline_dag.py took 4.526 seconds
[2026-09-26T06:44:34.943+0000] {processor.py:161} INFO - Started process (PID=264) to work on /opt/airflow/dags/tiki_pipeline_dag.py
[2026-09-26T06:44:34.944+0000] {processor.py:830} INFO - Processing file /opt/airflow/dags/tiki_pipeline_dag.py for tasks to queue
[2026-09-26T06:44:34.945+0000] {logging_mixin.py:188} INFO - [2026-09-26T06:44:34.945+0000] {dagbag.py:538} INFO - Filling up the DagBag from /opt/airflow/dags/tiki_pipeline_dag.py
[2026-09-26T06:44:34.961+0000] {processor.py:840} INFO - DAG(s) 'tiki_end_to_end_pipeline' retrieved from /opt/airflow/dags/tiki_pipeline_dag.py
[2026-09-26T06:44:36.948+0000] {logging_mixin.py:188} INFO - [2026-09-26T06:44:36.947+0000] {dag.py:3036} INFO - Sync 1 DAGs
[2026-09-26T06:44:37.295+0000] {logging_mixin.py:188} INFO - [2026-09-26T06:44:37.294+0000] {dag.py:3823} INFO - Setting next_dagrun for tiki_end_to_end_pipeline to 2026-09-24 10:00:00+00:00, run_after=2026-09-25 10:00:00+00:00
[2026-09-26T06:44:39.178+0000] {processor.py:183} INFO - Processing /opt/airflow/dags/tiki_pipeline_dag.py took 4.240 seconds
[2026-09-26T06:45:09.529+0000] {processor.py:161} INFO - Started process (PID=269) to work on /opt/airflow/dags/tiki_pipeline_dag.py
[2026-09-26T06:45:09.531+0000] {processor.py:830} INFO - Processing file /opt/airflow/dags/tiki_pipeline_dag.py for tasks to queue
[2026-09-26T06:45:09.532+0000] {logging_mixin.py:188} INFO - [2026-09-26T06:45:09.532+0000] {dagbag.py:538} INFO - Filling up the DagBag from /opt/airflow/dags/tiki_pipeline_dag.py
[2026-09-26T06:45:09.547+0000] {processor.py:840} INFO - DAG(s) 'tiki_end_to_end_pipeline' retrieved from /opt/airflow/dags/tiki_pipeline_dag.py
[2026-09-26T06:45:11.624+0000] {logging_mixin.py:188} INFO - [2026-09-26T06:45:11.623+0000] {dag.py:3036} INFO - Sync 1 DAGs
[2026-09-26T06:45:11.980+0000] {logging_mixin.py:188} INFO - [2026-09-26T06:45:11.980+0000] {dag.py:3823} INFO - Setting next_dagrun for tiki_end_to_end_pipeline to 2026-09-24 10:00:00+00:00, run_after=2026-09-25 10:00:00+00:00
[2026-09-26T06:45:13.985+0000] {processor.py:183} INFO - Processing /opt/airflow/dags/tiki_pipeline_dag.py took 4.461 seconds
[2026-09-26T06:45:44.571+0000] {processor.py:161} INFO - Started process (PID=274) to work on /opt/airflow/dags/tiki_pipeline_dag.py
[2026-09-26T06:45:44.573+0000] {processor.py:830} INFO - Processing file /opt/airflow/dags/tiki_pipeline_dag.py for tasks to queue
[2026-09-26T06:45:44.574+0000] {logging_mixin.py:188} INFO - [2026-09-26T06:45:44.574+0000] {dagbag.py:538} INFO - Filling up the DagBag from /opt/airflow/dags/tiki_pipeline_dag.py
[2026-09-26T06:45:44.592+0000] {processor.py:840} INFO - DAG(s) 'tiki_end_to_end_pipeline' retrieved from /opt/airflow/dags/tiki_pipeline_dag.py
[2026-09-26T06:45:46.685+0000] {logging_mixin.py:188} INFO - [2026-09-26T06:45:46.685+0000] {dag.py:3036} INFO - Sync 1 DAGs
[2026-09-26T06:45:47.040+0000] {logging_mixin.py:188} INFO - [2026-09-26T06:45:47.040+0000] {dag.py:3823} INFO - Setting next_dagrun for tiki_end_to_end_pipeline to 2026-09-24 10:00:00+00:00, run_after=2026-09-25 10:00:00+00:00
[2026-09-26T06:45:49.010+0000] {processor.py:183} INFO - Processing /opt/airflow/dags/tiki_pipeline_dag.py took 4.443 seconds
[2026-09-26T06:46:19.965+0000] {processor.py:161} INFO - Started process (PID=279) to work on /opt/airflow/dags/tiki_pipeline_dag.py
[2026-09-26T06:46:19.966+0000] {processor.py:830} INFO - Processing file /opt/airflow/dags/tiki_pipeline_dag.py for tasks to queue
[2026-09-26T06:46:19.967+0000] {logging_mixin.py:188} INFO - [2026-09-26T06:46:19.967+0000] {dagbag.py:538} INFO - Filling up the DagBag from /opt/airflow/dags/tiki_pipeline_dag.py
[2026-09-26T06:46:19.985+0000] {processor.py:840} INFO - DAG(s) 'tiki_end_to_end_pipeline' retrieved from /opt/airflow/dags/tiki_pipeline_dag.py
[2026-09-26T06:46:21.952+0000] {logging_mixin.py:188} INFO - [2026-09-26T06:46:21.951+0000] {dag.py:3036} INFO - Sync 1 DAGs
[2026-09-26T06:46:22.281+0000] {logging_mixin.py:188} INFO - [2026-09-26T06:46:22.281+0000] {dag.py:3823} INFO - Setting next_dagrun for tiki_end_to_end_pipeline to 2026-09-24 10:00:00+00:00, run_after=2026-09-25 10:00:00+00:00
[2026-09-26T06:46:24.151+0000] {processor.py:183} INFO - Processing /opt/airflow/dags/tiki_pipeline_dag.py took 4.192 seconds
[2026-09-26T06:46:55.007+0000] {processor.py:161} INFO - Started process (PID=284) to work on /opt/airflow/dags/tiki_pipeline_dag.py
[2026-09-26T06:46:55.009+0000] {processor.py:830} INFO - Processing file /opt/airflow/dags/tiki_pipeline_dag.py for tasks to queue
[2026-09-26T06:46:55.010+0000] {logging_mixin.py:188} INFO - [2026-09-26T06:46:55.010+0000] {dagbag.py:538} INFO - Filling up the DagBag from /opt/airflow/dags/tiki_pipeline_dag.py
[2026-09-26T06:46:55.027+0000] {processor.py:840} INFO - DAG(s) 'tiki_end_to_end_pipeline' retrieved from /opt/airflow/dags/tiki_pipeline_dag.py
[2026-09-26T06:46:57.020+0000] {logging_mixin.py:188} INFO - [2026-09-26T06:46:57.019+0000] {dag.py:3036} INFO - Sync 1 DAGs
[2026-09-26T06:46:57.358+0000] {logging_mixin.py:188} INFO - [2026-09-26T06:46:57.357+0000] {dag.py:3823} INFO - Setting next_dagrun for tiki_end_to_end_pipeline to 2026-09-24 10:00:00+00:00, run_after=2026-09-25 10:00:00+00:00
[2026-09-26T06:46:59.296+0000] {processor.py:183} INFO - Processing /opt/airflow/dags/tiki_pipeline_dag.py took 4.294 seconds
[2026-09-26T06:47:30.410+0000] {processor.py:161} INFO - Started process (PID=289) to work on /opt/airflow/dags/tiki_pipeline_dag.py
[2026-09-26T06:47:30.411+0000] {processor.py:830} INFO - Processing file /opt/airflow/dags/tiki_pipeline_dag.py for tasks to queue
[2026-09-26T06:47:30.412+0000] {logging_mixin.py:188} INFO - [2026-09-26T06:47:30.412+0000] {dagbag.py:538} INFO - Filling up the DagBag from /opt/airflow/dags/tiki_pipeline_dag.py
[2026-09-26T06:47:30.428+0000] {processor.py:840} INFO - DAG(s) 'tiki_end_to_end_pipeline' retrieved from /opt/airflow/dags/tiki_pipeline_dag.py
[2026-09-26T06:47:32.517+0000] {logging_mixin.py:188} INFO - [2026-09-26T06:47:32.516+0000] {dag.py:3036} INFO - Sync 1 DAGs
[2026-09-26T06:47:32.861+0000] {logging_mixin.py:188} INFO - [2026-09-26T06:47:32.861+0000] {dag.py:3823} INFO - Setting next_dagrun for tiki_end_to_end_pipeline to 2026-09-24 10:00:00+00:00, run_after=2026-09-25 10:00:00+00:00
[2026-09-26T06:47:34.749+0000] {processor.py:183} INFO - Processing /opt/airflow/dags/tiki_pipeline_dag.py took 4.344 seconds
[2026-09-26T06:48:05.796+0000] {processor.py:161} INFO - Started process (PID=294) to work on /opt/airflow/dags/tiki_pipeline_dag.py
[2026-09-26T06:48:05.797+0000] {processor.py:830} INFO - Processing file /opt/airflow/dags/tiki_pipeline_dag.py for tasks to queue
[2026-09-26T06:48:05.798+0000] {logging_mixin.py:188} INFO - [2026-09-26T06:48:05.798+0000] {dagbag.py:538} INFO - Filling up the DagBag from /opt/airflow/dags/tiki_pipeline_dag.py
[2026-09-26T06:48:05.815+0000] {processor.py:840} INFO - DAG(s) 'tiki_end_to_end_pipeline' retrieved from /opt/airflow/dags/tiki_pipeline_dag.py
[2026-09-26T06:48:07.803+0000] {logging_mixin.py:188} INFO - [2026-09-26T06:48:07.802+0000] {dag.py:3036} INFO - Sync 1 DAGs
[2026-09-26T06:48:08.147+0000] {logging_mixin.py:188} INFO - [2026-09-26T06:48:08.147+0000] {dag.py:3823} INFO - Setting next_dagrun for tiki_end_to_end_pipeline to 2026-09-24 10:00:00+00:00, run_after=2026-09-25 10:00:00+00:00
[2026-09-26T06:48:10.039+0000] {processor.py:183} INFO - Processing /opt/airflow/dags/tiki_pipeline_dag.py took 4.248 seconds
[2026-09-26T06:49:39.938+0000] {processor.py:161} INFO - Started process (PID=163) to work on /opt/airflow/dags/tiki_pipeline_dag.py
[2026-09-26T06:49:39.940+0000] {processor.py:830} INFO - Processing file /opt/airflow/dags/tiki_pipeline_dag.py for tasks to queue
[2026-09-26T06:49:39.941+0000] {logging_mixin.py:188} INFO - [2026-09-26T06:49:39.941+0000] {dagbag.py:538} INFO - Filling up the DagBag from /opt/airflow/dags/tiki_pipeline_dag.py
[2026-09-26T06:49:39.975+0000] {processor.py:840} INFO - DAG(s) 'tiki_end_to_end_pipeline' retrieved from /opt/airflow/dags/tiki_pipeline_dag.py
[2026-09-26T06:49:40.272+0000] {logging_mixin.py:188} INFO - [2026-09-26T06:49:40.271+0000] {override.py:1769} INFO - Created Permission View: can delete on DAG:tiki_end_to_end_pipeline
[2026-09-26T06:49:40.283+0000] {logging_mixin.py:188} INFO - [2026-09-26T06:49:40.283+0000] {override.py:1769} INFO - Created Permission View: can edit on DAG:tiki_end_to_end_pipeline
[2026-09-26T06:49:40.293+0000] {logging_mixin.py:188} INFO - [2026-09-26T06:49:40.293+0000] {override.py:1769} INFO - Created Permission View: can read on DAG:tiki_end_to_end_pipeline
[2026-09-26T06:49:40.293+0000] {logging_mixin.py:188} INFO - [2026-09-26T06:49:40.293+0000] {dag.py:3036} INFO - Sync 1 DAGs
[2026-09-26T06:49:40.304+0000] {logging_mixin.py:188} INFO - [2026-09-26T06:49:40.304+0000] {dag.py:3058} INFO - Creating ORM DAG for tiki_end_to_end_pipeline
[2026-09-26T06:49:40.316+0000] {logging_mixin.py:188} INFO - [2026-09-26T06:49:40.315+0000] {dag.py:3823} INFO - Setting next_dagrun for tiki_end_to_end_pipeline to 2026-09-24 10:00:00+00:00, run_after=2026-09-25 10:00:00+00:00
[2026-09-26T06:49:40.345+0000] {processor.py:183} INFO - Processing /opt/airflow/dags/tiki_pipeline_dag.py took 0.411 seconds
[2026-09-26T06:50:10.597+0000] {processor.py:161} INFO - Started process (PID=169) to work on /opt/airflow/dags/tiki_pipeline_dag.py
[2026-09-26T06:50:10.600+0000] {processor.py:830} INFO - Processing file /opt/airflow/dags/tiki_pipeline_dag.py for tasks to queue
[2026-09-26T06:50:10.602+0000] {logging_mixin.py:188} INFO - [2026-09-26T06:50:10.601+0000] {dagbag.py:538} INFO - Filling up the DagBag from /opt/airflow/dags/tiki_pipeline_dag.py
[2026-09-26T06:50:10.634+0000] {processor.py:840} INFO - DAG(s) 'tiki_end_to_end_pipeline' retrieved from /opt/airflow/dags/tiki_pipeline_dag.py
[2026-09-26T06:50:10.684+0000] {logging_mixin.py:188} INFO - [2026-09-26T06:50:10.683+0000] {dag.py:3036} INFO - Sync 1 DAGs
[2026-09-26T06:50:10.718+0000] {logging_mixin.py:188} INFO - [2026-09-26T06:50:10.717+0000] {dag.py:3823} INFO - Setting next_dagrun for tiki_end_to_end_pipeline to 2026-09-24 10:00:00+00:00, run_after=2026-09-25 10:00:00+00:00
[2026-09-26T06:50:10.746+0000] {processor.py:183} INFO - Processing /opt/airflow/dags/tiki_pipeline_dag.py took 0.160 seconds
[2026-09-26T06:50:40.861+0000] {processor.py:161} INFO - Started process (PID=174) to work on /opt/airflow/dags/tiki_pipeline_dag.py
[2026-09-26T06:50:40.863+0000] {processor.py:830} INFO - Processing file /opt/airflow/dags/tiki_pipeline_dag.py for tasks to queue
[2026-09-26T06:50:40.865+0000] {logging_mixin.py:188} INFO - [2026-09-26T06:50:40.864+0000] {dagbag.py:538} INFO - Filling up the DagBag from /opt/airflow/dags/tiki_pipeline_dag.py
[2026-09-26T06:50:40.897+0000] {processor.py:840} INFO - DAG(s) 'tiki_end_to_end_pipeline' retrieved from /opt/airflow/dags/tiki_pipeline_dag.py
[2026-09-26T06:50:40.946+0000] {logging_mixin.py:188} INFO - [2026-09-26T06:50:40.946+0000] {dag.py:3036} INFO - Sync 1 DAGs
[2026-09-26T06:50:40.991+0000] {logging_mixin.py:188} INFO - [2026-09-26T06:50:40.990+0000] {dag.py:3823} INFO - Setting next_dagrun for tiki_end_to_end_pipeline to 2026-09-24 10:00:00+00:00, run_after=2026-09-25 10:00:00+00:00
[2026-09-26T06:50:41.020+0000] {processor.py:183} INFO - Processing /opt/airflow/dags/tiki_pipeline_dag.py took 0.169 seconds
[2026-09-26T06:51:11.238+0000] {processor.py:161} INFO - Started process (PID=179) to work on /opt/airflow/dags/tiki_pipeline_dag.py
[2026-09-26T06:51:11.239+0000] {processor.py:830} INFO - Processing file /opt/airflow/dags/tiki_pipeline_dag.py for tasks to queue
[2026-09-26T06:51:11.241+0000] {logging_mixin.py:188} INFO - [2026-09-26T06:51:11.240+0000] {dagbag.py:538} INFO - Filling up the DagBag from /opt/airflow/dags/tiki_pipeline_dag.py
[2026-09-26T06:51:11.266+0000] {processor.py:840} INFO - DAG(s) 'tiki_end_to_end_pipeline' retrieved from /opt/airflow/dags/tiki_pipeline_dag.py
[2026-09-26T06:51:11.307+0000] {logging_mixin.py:188} INFO - [2026-09-26T06:51:11.306+0000] {dag.py:3036} INFO - Sync 1 DAGs
[2026-09-26T06:51:11.346+0000] {logging_mixin.py:188} INFO - [2026-09-26T06:51:11.346+0000] {dag.py:3823} INFO - Setting next_dagrun for tiki_end_to_end_pipeline to 2026-09-24 10:00:00+00:00, run_after=2026-09-25 10:00:00+00:00
[2026-09-26T06:51:11.383+0000] {processor.py:183} INFO - Processing /opt/airflow/dags/tiki_pipeline_dag.py took 0.150 seconds
[2026-09-26T06:51:41.562+0000] {processor.py:161} INFO - Started process (PID=184) to work on /opt/airflow/dags/tiki_pipeline_dag.py
[2026-09-26T06:51:41.563+0000] {processor.py:830} INFO - Processing file /opt/airflow/dags/tiki_pipeline_dag.py for tasks to queue
[2026-09-26T06:51:41.566+0000] {logging_mixin.py:188} INFO - [2026-09-26T06:51:41.565+0000] {dagbag.py:538} INFO - Filling up the DagBag from /opt/airflow/dags/tiki_pipeline_dag.py
[2026-09-26T06:51:41.588+0000] {processor.py:840} INFO - DAG(s) 'tiki_end_to_end_pipeline' retrieved from /opt/airflow/dags/tiki_pipeline_dag.py
[2026-09-26T06:51:41.631+0000] {logging_mixin.py:188} INFO - [2026-09-26T06:51:41.630+0000] {dag.py:3036} INFO - Sync 1 DAGs
[2026-09-26T06:51:41.666+0000] {logging_mixin.py:188} INFO - [2026-09-26T06:51:41.665+0000] {dag.py:3823} INFO - Setting next_dagrun for tiki_end_to_end_pipeline to 2026-09-24 10:00:00+00:00, run_after=2026-09-25 10:00:00+00:00
[2026-09-26T06:51:41.705+0000] {processor.py:183} INFO - Processing /opt/airflow/dags/tiki_pipeline_dag.py took 0.147 seconds
[2026-09-26T06:52:11.868+0000] {processor.py:161} INFO - Started process (PID=195) to work on /opt/airflow/dags/tiki_pipeline_dag.py
[2026-09-26T06:52:11.869+0000] {processor.py:830} INFO - Processing file /opt/airflow/dags/tiki_pipeline_dag.py for tasks to queue
[2026-09-26T06:52:11.871+0000] {logging_mixin.py:188} INFO - [2026-09-26T06:52:11.871+0000] {dagbag.py:538} INFO - Filling up the DagBag from /opt/airflow/dags/tiki_pipeline_dag.py
[2026-09-26T06:52:11.887+0000] {processor.py:840} INFO - DAG(s) 'tiki_end_to_end_pipeline' retrieved from /opt/airflow/dags/tiki_pipeline_dag.py
[2026-09-26T06:52:11.917+0000] {logging_mixin.py:188} INFO - [2026-09-26T06:52:11.917+0000] {dag.py:3036} INFO - Sync 1 DAGs
[2026-09-26T06:52:11.942+0000] {logging_mixin.py:188} INFO - [2026-09-26T06:52:11.942+0000] {dag.py:3823} INFO - Setting next_dagrun for tiki_end_to_end_pipeline to 2026-09-25 10:00:00+00:00, run_after=2026-09-26 10:00:00+00:00
[2026-09-26T06:52:11.966+0000] {processor.py:183} INFO - Processing /opt/airflow/dags/tiki_pipeline_dag.py took 0.103 seconds
[2026-09-26T06:52:42.220+0000] {processor.py:161} INFO - Started process (PID=200) to work on /opt/airflow/dags/tiki_pipeline_dag.py
[2026-09-26T06:52:42.221+0000] {processor.py:830} INFO - Processing file /opt/airflow/dags/tiki_pipeline_dag.py for tasks to queue
[2026-09-26T06:52:42.222+0000] {logging_mixin.py:188} INFO - [2026-09-26T06:52:42.222+0000] {dagbag.py:538} INFO - Filling up the DagBag from /opt/airflow/dags/tiki_pipeline_dag.py
[2026-09-26T06:52:42.239+0000] {processor.py:840} INFO - DAG(s) 'tiki_end_to_end_pipeline' retrieved from /opt/airflow/dags/tiki_pipeline_dag.py
[2026-09-26T06:52:42.271+0000] {logging_mixin.py:188} INFO - [2026-09-26T06:52:42.270+0000] {dag.py:3036} INFO - Sync 1 DAGs
[2026-09-26T06:52:42.301+0000] {logging_mixin.py:188} INFO - [2026-09-26T06:52:42.301+0000] {dag.py:3823} INFO - Setting next_dagrun for tiki_end_to_end_pipeline to 2026-09-25 10:00:00+00:00, run_after=2026-09-26 10:00:00+00:00
[2026-09-26T06:52:42.333+0000] {processor.py:183} INFO - Processing /opt/airflow/dags/tiki_pipeline_dag.py took 0.117 seconds
[2026-09-26T06:53:12.432+0000] {processor.py:161} INFO - Started process (PID=205) to work on /opt/airflow/dags/tiki_pipeline_dag.py
[2026-09-26T06:53:12.433+0000] {processor.py:830} INFO - Processing file /opt/airflow/dags/tiki_pipeline_dag.py for tasks to queue
[2026-09-26T06:53:12.435+0000] {logging_mixin.py:188} INFO - [2026-09-26T06:53:12.435+0000] {dagbag.py:538} INFO - Filling up the DagBag from /opt/airflow/dags/tiki_pipeline_dag.py
[2026-09-26T06:53:12.454+0000] {processor.py:840} INFO - DAG(s) 'tiki_end_to_end_pipeline' retrieved from /opt/airflow/dags/tiki_pipeline_dag.py
[2026-09-26T06:53:12.485+0000] {logging_mixin.py:188} INFO - [2026-09-26T06:53:12.484+0000] {dag.py:3036} INFO - Sync 1 DAGs
[2026-09-26T06:53:12.512+0000] {logging_mixin.py:188} INFO - [2026-09-26T06:53:12.511+0000] {dag.py:3823} INFO - Setting next_dagrun for tiki_end_to_end_pipeline to 2026-09-25 10:00:00+00:00, run_after=2026-09-26 10:00:00+00:00
[2026-09-26T06:53:12.536+0000] {processor.py:183} INFO - Processing /opt/airflow/dags/tiki_pipeline_dag.py took 0.108 seconds
[2026-09-26T06:53:42.725+0000] {processor.py:161} INFO - Started process (PID=210) to work on /opt/airflow/dags/tiki_pipeline_dag.py
[2026-09-26T06:53:42.726+0000] {processor.py:830} INFO - Processing file /opt/airflow/dags/tiki_pipeline_dag.py for tasks to queue
[2026-09-26T06:53:42.728+0000] {logging_mixin.py:188} INFO - [2026-09-26T06:53:42.727+0000] {dagbag.py:538} INFO - Filling up the DagBag from /opt/airflow/dags/tiki_pipeline_dag.py
[2026-09-26T06:53:42.744+0000] {processor.py:840} INFO - DAG(s) 'tiki_end_to_end_pipeline' retrieved from /opt/airflow/dags/tiki_pipeline_dag.py
[2026-09-26T06:53:42.774+0000] {logging_mixin.py:188} INFO - [2026-09-26T06:53:42.773+0000] {dag.py:3036} INFO - Sync 1 DAGs
[2026-09-26T06:53:42.799+0000] {logging_mixin.py:188} INFO - [2026-09-26T06:53:42.799+0000] {dag.py:3823} INFO - Setting next_dagrun for tiki_end_to_end_pipeline to 2026-09-25 10:00:00+00:00, run_after=2026-09-26 10:00:00+00:00
[2026-09-26T06:53:42.819+0000] {processor.py:183} INFO - Processing /opt/airflow/dags/tiki_pipeline_dag.py took 0.098 seconds
[2026-09-26T06:54:13.096+0000] {processor.py:161} INFO - Started process (PID=221) to work on /opt/airflow/dags/tiki_pipeline_dag.py
[2026-09-26T06:54:13.098+0000] {processor.py:830} INFO - Processing file /opt/airflow/dags/tiki_pipeline_dag.py for tasks to queue
[2026-09-26T06:54:13.099+0000] {logging_mixin.py:188} INFO - [2026-09-26T06:54:13.099+0000] {dagbag.py:538} INFO - Filling up the DagBag from /opt/airflow/dags/tiki_pipeline_dag.py
[2026-09-26T06:54:13.115+0000] {processor.py:840} INFO - DAG(s) 'tiki_end_to_end_pipeline' retrieved from /opt/airflow/dags/tiki_pipeline_dag.py
[2026-09-26T06:54:13.146+0000] {logging_mixin.py:188} INFO - [2026-09-26T06:54:13.145+0000] {dag.py:3036} INFO - Sync 1 DAGs
[2026-09-26T06:54:13.174+0000] {logging_mixin.py:188} INFO - [2026-09-26T06:54:13.173+0000] {dag.py:3823} INFO - Setting next_dagrun for tiki_end_to_end_pipeline to 2026-09-25 10:00:00+00:00, run_after=2026-09-26 10:00:00+00:00
[2026-09-26T06:54:13.197+0000] {processor.py:183} INFO - Processing /opt/airflow/dags/tiki_pipeline_dag.py took 0.105 seconds
[2026-09-26T06:54:43.347+0000] {processor.py:161} INFO - Started process (PID=226) to work on /opt/airflow/dags/tiki_pipeline_dag.py
[2026-09-26T06:54:43.348+0000] {processor.py:830} INFO - Processing file /opt/airflow/dags/tiki_pipeline_dag.py for tasks to queue
[2026-09-26T06:54:43.351+0000] {logging_mixin.py:188} INFO - [2026-09-26T06:54:43.350+0000] {dagbag.py:538} INFO - Filling up the DagBag from /opt/airflow/dags/tiki_pipeline_dag.py
[2026-09-26T06:54:43.371+0000] {processor.py:840} INFO - DAG(s) 'tiki_end_to_end_pipeline' retrieved from /opt/airflow/dags/tiki_pipeline_dag.py
[2026-09-26T06:54:43.408+0000] {logging_mixin.py:188} INFO - [2026-09-26T06:54:43.408+0000] {dag.py:3036} INFO - Sync 1 DAGs
[2026-09-26T06:54:43.435+0000] {logging_mixin.py:188} INFO - [2026-09-26T06:54:43.435+0000] {dag.py:3823} INFO - Setting next_dagrun for tiki_end_to_end_pipeline to 2026-09-25 10:00:00+00:00, run_after=2026-09-26 10:00:00+00:00
[2026-09-26T06:54:43.459+0000] {processor.py:183} INFO - Processing /opt/airflow/dags/tiki_pipeline_dag.py took 0.117 seconds
[2026-09-26T06:55:13.666+0000] {processor.py:161} INFO - Started process (PID=231) to work on /opt/airflow/dags/tiki_pipeline_dag.py
[2026-09-26T06:55:13.667+0000] {processor.py:830} INFO - Processing file /opt/airflow/dags/tiki_pipeline_dag.py for tasks to queue
[2026-09-26T06:55:13.668+0000] {logging_mixin.py:188} INFO - [2026-09-26T06:55:13.668+0000] {dagbag.py:538} INFO - Filling up the DagBag from /opt/airflow/dags/tiki_pipeline_dag.py
[2026-09-26T06:55:13.686+0000] {processor.py:840} INFO - DAG(s) 'tiki_end_to_end_pipeline' retrieved from /opt/airflow/dags/tiki_pipeline_dag.py
[2026-09-26T06:55:13.716+0000] {logging_mixin.py:188} INFO - [2026-09-26T06:55:13.716+0000] {dag.py:3036} INFO - Sync 1 DAGs
[2026-09-26T06:55:13.740+0000] {logging_mixin.py:188} INFO - [2026-09-26T06:55:13.739+0000] {dag.py:3823} INFO - Setting next_dagrun for tiki_end_to_end_pipeline to 2026-09-25 10:00:00+00:00, run_after=2026-09-26 10:00:00+00:00
[2026-09-26T06:55:13.760+0000] {processor.py:183} INFO - Processing /opt/airflow/dags/tiki_pipeline_dag.py took 0.098 seconds
[2026-09-26T06:55:43.974+0000] {processor.py:161} INFO - Started process (PID=236) to work on /opt/airflow/dags/tiki_pipeline_dag.py
[2026-09-26T06:55:43.977+0000] {processor.py:830} INFO - Processing file /opt/airflow/dags/tiki_pipeline_dag.py for tasks to queue
[2026-09-26T06:55:43.979+0000] {logging_mixin.py:188} INFO - [2026-09-26T06:55:43.979+0000] {dagbag.py:538} INFO - Filling up the DagBag from /opt/airflow/dags/tiki_pipeline_dag.py
[2026-09-26T06:55:43.995+0000] {processor.py:840} INFO - DAG(s) 'tiki_end_to_end_pipeline' retrieved from /opt/airflow/dags/tiki_pipeline_dag.py
[2026-09-26T06:55:44.024+0000] {logging_mixin.py:188} INFO - [2026-09-26T06:55:44.023+0000] {dag.py:3036} INFO - Sync 1 DAGs
[2026-09-26T06:55:44.051+0000] {logging_mixin.py:188} INFO - [2026-09-26T06:55:44.051+0000] {dag.py:3823} INFO - Setting next_dagrun for tiki_end_to_end_pipeline to 2026-09-25 10:00:00+00:00, run_after=2026-09-26 10:00:00+00:00
[2026-09-26T06:55:44.071+0000] {processor.py:183} INFO - Processing /opt/airflow/dags/tiki_pipeline_dag.py took 0.102 seconds
[2026-09-26T06:56:14.232+0000] {processor.py:161} INFO - Started process (PID=241) to work on /opt/airflow/dags/tiki_pipeline_dag.py
[2026-09-26T06:56:14.233+0000] {processor.py:830} INFO - Processing file /opt/airflow/dags/tiki_pipeline_dag.py for tasks to queue
[2026-09-26T06:56:14.234+0000] {logging_mixin.py:188} INFO - [2026-09-26T06:56:14.234+0000] {dagbag.py:538} INFO - Filling up the DagBag from /opt/airflow/dags/tiki_pipeline_dag.py
[2026-09-26T06:56:14.248+0000] {processor.py:840} INFO - DAG(s) 'tiki_end_to_end_pipeline' retrieved from /opt/airflow/dags/tiki_pipeline_dag.py
[2026-09-26T06:56:14.276+0000] {logging_mixin.py:188} INFO - [2026-09-26T06:56:14.276+0000] {dag.py:3036} INFO - Sync 1 DAGs
[2026-09-26T06:56:14.303+0000] {logging_mixin.py:188} INFO - [2026-09-26T06:56:14.302+0000] {dag.py:3823} INFO - Setting next_dagrun for tiki_end_to_end_pipeline to 2026-09-25 10:00:00+00:00, run_after=2026-09-26 10:00:00+00:00
[2026-09-26T06:56:14.333+0000] {processor.py:183} INFO - Processing /opt/airflow/dags/tiki_pipeline_dag.py took 0.105 seconds
[2026-09-26T06:56:44.487+0000] {processor.py:161} INFO - Started process (PID=246) to work on /opt/airflow/dags/tiki_pipeline_dag.py
[2026-09-26T06:56:44.488+0000] {processor.py:830} INFO - Processing file /opt/airflow/dags/tiki_pipeline_dag.py for tasks to queue
[2026-09-26T06:56:44.490+0000] {logging_mixin.py:188} INFO - [2026-09-26T06:56:44.490+0000] {dagbag.py:538} INFO - Filling up the DagBag from /opt/airflow/dags/tiki_pipeline_dag.py
[2026-09-26T06:56:44.516+0000] {processor.py:840} INFO - DAG(s) 'tiki_end_to_end_pipeline' retrieved from /opt/airflow/dags/tiki_pipeline_dag.py
[2026-09-26T06:56:44.553+0000] {logging_mixin.py:188} INFO - [2026-09-26T06:56:44.552+0000] {dag.py:3036} INFO - Sync 1 DAGs
[2026-09-26T06:56:44.580+0000] {logging_mixin.py:188} INFO - [2026-09-26T06:56:44.580+0000] {dag.py:3823} INFO - Setting next_dagrun for tiki_end_to_end_pipeline to 2026-09-25 10:00:00+00:00, run_after=2026-09-26 10:00:00+00:00
[2026-09-26T06:56:44.602+0000] {processor.py:183} INFO - Processing /opt/airflow/dags/tiki_pipeline_dag.py took 0.120 seconds
[2026-09-26T06:57:14.815+0000] {processor.py:161} INFO - Started process (PID=251) to work on /opt/airflow/dags/tiki_pipeline_dag.py
[2026-09-26T06:57:14.816+0000] {processor.py:830} INFO - Processing file /opt/airflow/dags/tiki_pipeline_dag.py for tasks to queue
[2026-09-26T06:57:14.818+0000] {logging_mixin.py:188} INFO - [2026-09-26T06:57:14.817+0000] {dagbag.py:538} INFO - Filling up the DagBag from /opt/airflow/dags/tiki_pipeline_dag.py
[2026-09-26T06:57:14.833+0000] {processor.py:840} INFO - DAG(s) 'tiki_end_to_end_pipeline' retrieved from /opt/airflow/dags/tiki_pipeline_dag.py
[2026-09-26T06:57:14.860+0000] {logging_mixin.py:188} INFO - [2026-09-26T06:57:14.860+0000] {dag.py:3036} INFO - Sync 1 DAGs
[2026-09-26T06:57:14.883+0000] {logging_mixin.py:188} INFO - [2026-09-26T06:57:14.883+0000] {dag.py:3823} INFO - Setting next_dagrun for tiki_end_to_end_pipeline to 2026-09-25 10:00:00+00:00, run_after=2026-09-26 10:00:00+00:00
[2026-09-26T06:57:14.906+0000] {processor.py:183} INFO - Processing /opt/airflow/dags/tiki_pipeline_dag.py took 0.095 seconds
[2026-09-26T06:57:45.179+0000] {processor.py:161} INFO - Started process (PID=256) to work on /opt/airflow/dags/tiki_pipeline_dag.py
[2026-09-26T06:57:45.181+0000] {processor.py:830} INFO - Processing file /opt/airflow/dags/tiki_pipeline_dag.py for tasks to queue
[2026-09-26T06:57:45.182+0000] {logging_mixin.py:188} INFO - [2026-09-26T06:57:45.182+0000] {dagbag.py:538} INFO - Filling up the DagBag from /opt/airflow/dags/tiki_pipeline_dag.py
[2026-09-26T06:57:45.199+0000] {processor.py:840} INFO - DAG(s) 'tiki_end_to_end_pipeline' retrieved from /opt/airflow/dags/tiki_pipeline_dag.py
[2026-09-26T06:57:45.235+0000] {logging_mixin.py:188} INFO - [2026-09-26T06:57:45.234+0000] {dag.py:3036} INFO - Sync 1 DAGs
[2026-09-26T06:57:45.265+0000] {logging_mixin.py:188} INFO - [2026-09-26T06:57:45.265+0000] {dag.py:3823} INFO - Setting next_dagrun for tiki_end_to_end_pipeline to 2026-09-25 10:00:00+00:00, run_after=2026-09-26 10:00:00+00:00
[2026-09-26T06:57:45.297+0000] {processor.py:183} INFO - Processing /opt/airflow/dags/tiki_pipeline_dag.py took 0.122 seconds
[2026-09-26T06:58:15.594+0000] {processor.py:161} INFO - Started process (PID=288) to work on /opt/airflow/dags/tiki_pipeline_dag.py
[2026-09-26T06:58:15.596+0000] {processor.py:830} INFO - Processing file /opt/airflow/dags/tiki_pipeline_dag.py for tasks to queue
[2026-09-26T06:58:15.598+0000] {logging_mixin.py:188} INFO - [2026-09-26T06:58:15.597+0000] {dagbag.py:538} INFO - Filling up the DagBag from /opt/airflow/dags/tiki_pipeline_dag.py
[2026-09-26T06:58:15.632+0000] {processor.py:840} INFO - DAG(s) 'tiki_end_to_end_pipeline' retrieved from /opt/airflow/dags/tiki_pipeline_dag.py
[2026-09-26T06:58:15.678+0000] {logging_mixin.py:188} INFO - [2026-09-26T06:58:15.677+0000] {dag.py:3036} INFO - Sync 1 DAGs
[2026-09-26T06:58:15.714+0000] {logging_mixin.py:188} INFO - [2026-09-26T06:58:15.714+0000] {dag.py:3823} INFO - Setting next_dagrun for tiki_end_to_end_pipeline to 2026-09-25 10:00:00+00:00, run_after=2026-09-26 10:00:00+00:00
[2026-09-26T06:58:15.740+0000] {processor.py:183} INFO - Processing /opt/airflow/dags/tiki_pipeline_dag.py took 0.154 seconds
[2026-09-26T06:58:45.932+0000] {processor.py:161} INFO - Started process (PID=321) to work on /opt/airflow/dags/tiki_pipeline_dag.py
[2026-09-26T06:58:45.934+0000] {processor.py:830} INFO - Processing file /opt/airflow/dags/tiki_pipeline_dag.py for tasks to queue
[2026-09-26T06:58:45.942+0000] {logging_mixin.py:188} INFO - [2026-09-26T06:58:45.937+0000] {dagbag.py:538} INFO - Filling up the DagBag from /opt/airflow/dags/tiki_pipeline_dag.py
[2026-09-26T06:58:45.989+0000] {processor.py:840} INFO - DAG(s) 'tiki_end_to_end_pipeline' retrieved from /opt/airflow/dags/tiki_pipeline_dag.py
[2026-09-26T06:58:46.046+0000] {logging_mixin.py:188} INFO - [2026-09-26T06:58:46.045+0000] {dag.py:3036} INFO - Sync 1 DAGs
[2026-09-26T06:58:46.106+0000] {logging_mixin.py:188} INFO - [2026-09-26T06:58:46.105+0000] {dag.py:3823} INFO - Setting next_dagrun for tiki_end_to_end_pipeline to 2026-09-25 10:00:00+00:00, run_after=2026-09-26 10:00:00+00:00
[2026-09-26T06:58:46.152+0000] {processor.py:183} INFO - Processing /opt/airflow/dags/tiki_pipeline_dag.py took 0.231 seconds
[2026-09-26T06:59:16.500+0000] {processor.py:161} INFO - Started process (PID=326) to work on /opt/airflow/dags/tiki_pipeline_dag.py
[2026-09-26T06:59:16.502+0000] {processor.py:830} INFO - Processing file /opt/airflow/dags/tiki_pipeline_dag.py for tasks to queue
[2026-09-26T06:59:16.503+0000] {logging_mixin.py:188} INFO - [2026-09-26T06:59:16.502+0000] {dagbag.py:538} INFO - Filling up the DagBag from /opt/airflow/dags/tiki_pipeline_dag.py
[2026-09-26T06:59:16.524+0000] {processor.py:840} INFO - DAG(s) 'tiki_end_to_end_pipeline' retrieved from /opt/airflow/dags/tiki_pipeline_dag.py
[2026-09-26T06:59:16.560+0000] {logging_mixin.py:188} INFO - [2026-09-26T06:59:16.559+0000] {dag.py:3036} INFO - Sync 1 DAGs
[2026-09-26T06:59:16.593+0000] {logging_mixin.py:188} INFO - [2026-09-26T06:59:16.592+0000] {dag.py:3823} INFO - Setting next_dagrun for tiki_end_to_end_pipeline to 2026-09-25 10:00:00+00:00, run_after=2026-09-26 10:00:00+00:00
[2026-09-26T06:59:16.618+0000] {processor.py:183} INFO - Processing /opt/airflow/dags/tiki_pipeline_dag.py took 0.123 seconds
[2026-09-26T06:59:47.078+0000] {processor.py:161} INFO - Started process (PID=331) to work on /opt/airflow/dags/tiki_pipeline_dag.py
[2026-09-26T06:59:47.079+0000] {processor.py:830} INFO - Processing file /opt/airflow/dags/tiki_pipeline_dag.py for tasks to queue
[2026-09-26T06:59:47.082+0000] {logging_mixin.py:188} INFO - [2026-09-26T06:59:47.081+0000] {dagbag.py:538} INFO - Filling up the DagBag from /opt/airflow/dags/tiki_pipeline_dag.py
[2026-09-26T06:59:47.111+0000] {processor.py:840} INFO - DAG(s) 'tiki_end_to_end_pipeline' retrieved from /opt/airflow/dags/tiki_pipeline_dag.py
[2026-09-26T06:59:47.156+0000] {logging_mixin.py:188} INFO - [2026-09-26T06:59:47.156+0000] {dag.py:3036} INFO - Sync 1 DAGs
[2026-09-26T06:59:47.186+0000] {logging_mixin.py:188} INFO - [2026-09-26T06:59:47.186+0000] {dag.py:3823} INFO - Setting next_dagrun for tiki_end_to_end_pipeline to 2026-09-25 10:00:00+00:00, run_after=2026-09-26 10:00:00+00:00
[2026-09-26T06:59:47.209+0000] {processor.py:183} INFO - Processing /opt/airflow/dags/tiki_pipeline_dag.py took 0.139 seconds
[2026-09-26T07:00:17.290+0000] {processor.py:161} INFO - Started process (PID=336) to work on /opt/airflow/dags/tiki_pipeline_dag.py
[2026-09-26T07:00:17.291+0000] {processor.py:830} INFO - Processing file /opt/airflow/dags/tiki_pipeline_dag.py for tasks to queue
[2026-09-26T07:00:17.292+0000] {logging_mixin.py:188} INFO - [2026-09-26T07:00:17.292+0000] {dagbag.py:538} INFO - Filling up the DagBag from /opt/airflow/dags/tiki_pipeline_dag.py
[2026-09-26T07:00:17.307+0000] {processor.py:840} INFO - DAG(s) 'tiki_end_to_end_pipeline' retrieved from /opt/airflow/dags/tiki_pipeline_dag.py
[2026-09-26T07:00:17.337+0000] {logging_mixin.py:188} INFO - [2026-09-26T07:00:17.337+0000] {dag.py:3036} INFO - Sync 1 DAGs
[2026-09-26T07:00:17.367+0000] {logging_mixin.py:188} INFO - [2026-09-26T07:00:17.366+0000] {dag.py:3823} INFO - Setting next_dagrun for tiki_end_to_end_pipeline to 2026-09-25 10:00:00+00:00, run_after=2026-09-26 10:00:00+00:00
[2026-09-26T07:00:17.390+0000] {processor.py:183} INFO - Processing /opt/airflow/dags/tiki_pipeline_dag.py took 0.103 seconds
[2026-09-26T07:00:47.650+0000] {processor.py:161} INFO - Started process (PID=341) to work on /opt/airflow/dags/tiki_pipeline_dag.py
[2026-09-26T07:00:47.651+0000] {processor.py:830} INFO - Processing file /opt/airflow/dags/tiki_pipeline_dag.py for tasks to queue
[2026-09-26T07:00:47.654+0000] {logging_mixin.py:188} INFO - [2026-09-26T07:00:47.654+0000] {dagbag.py:538} INFO - Filling up the DagBag from /opt/airflow/dags/tiki_pipeline_dag.py
[2026-09-26T07:00:47.670+0000] {processor.py:840} INFO - DAG(s) 'tiki_end_to_end_pipeline' retrieved from /opt/airflow/dags/tiki_pipeline_dag.py
[2026-09-26T07:00:47.704+0000] {logging_mixin.py:188} INFO - [2026-09-26T07:00:47.703+0000] {dag.py:3036} INFO - Sync 1 DAGs
[2026-09-26T07:00:47.732+0000] {logging_mixin.py:188} INFO - [2026-09-26T07:00:47.732+0000] {dag.py:3823} INFO - Setting next_dagrun for tiki_end_to_end_pipeline to 2026-09-25 10:00:00+00:00, run_after=2026-09-26 10:00:00+00:00
[2026-09-26T07:00:47.753+0000] {processor.py:183} INFO - Processing /opt/airflow/dags/tiki_pipeline_dag.py took 0.106 seconds
[2026-09-26T07:01:17.937+0000] {processor.py:161} INFO - Started process (PID=346) to work on /opt/airflow/dags/tiki_pipeline_dag.py
[2026-09-26T07:01:17.951+0000] {processor.py:830} INFO - Processing file /opt/airflow/dags/tiki_pipeline_dag.py for tasks to queue
[2026-09-26T07:01:17.953+0000] {logging_mixin.py:188} INFO - [2026-09-26T07:01:17.952+0000] {dagbag.py:538} INFO - Filling up the DagBag from /opt/airflow/dags/tiki_pipeline_dag.py
[2026-09-26T07:01:17.971+0000] {processor.py:840} INFO - DAG(s) 'tiki_end_to_end_pipeline' retrieved from /opt/airflow/dags/tiki_pipeline_dag.py
[2026-09-26T07:01:18.002+0000] {logging_mixin.py:188} INFO - [2026-09-26T07:01:18.001+0000] {dag.py:3036} INFO - Sync 1 DAGs
[2026-09-26T07:01:18.031+0000] {logging_mixin.py:188} INFO - [2026-09-26T07:01:18.031+0000] {dag.py:3823} INFO - Setting next_dagrun for tiki_end_to_end_pipeline to 2026-09-25 10:00:00+00:00, run_after=2026-09-26 10:00:00+00:00
[2026-09-26T07:01:18.052+0000] {processor.py:183} INFO - Processing /opt/airflow/dags/tiki_pipeline_dag.py took 0.119 seconds
[2026-09-26T07:01:48.223+0000] {processor.py:161} INFO - Started process (PID=351) to work on /opt/airflow/dags/tiki_pipeline_dag.py
[2026-09-26T07:01:48.225+0000] {processor.py:830} INFO - Processing file /opt/airflow/dags/tiki_pipeline_dag.py for tasks to queue
[2026-09-26T07:01:48.227+0000] {logging_mixin.py:188} INFO - [2026-09-26T07:01:48.226+0000] {dagbag.py:538} INFO - Filling up the DagBag from /opt/airflow/dags/tiki_pipeline_dag.py
[2026-09-26T07:01:48.251+0000] {processor.py:840} INFO - DAG(s) 'tiki_end_to_end_pipeline' retrieved from /opt/airflow/dags/tiki_pipeline_dag.py
[2026-09-26T07:01:48.291+0000] {logging_mixin.py:188} INFO - [2026-09-26T07:01:48.291+0000] {dag.py:3036} INFO - Sync 1 DAGs
[2026-09-26T07:01:48.329+0000] {logging_mixin.py:188} INFO - [2026-09-26T07:01:48.329+0000] {dag.py:3823} INFO - Setting next_dagrun for tiki_end_to_end_pipeline to 2026-09-25 10:00:00+00:00, run_after=2026-09-26 10:00:00+00:00
[2026-09-26T07:01:48.371+0000] {processor.py:183} INFO - Processing /opt/airflow/dags/tiki_pipeline_dag.py took 0.153 seconds
[2026-09-26T07:02:18.661+0000] {processor.py:161} INFO - Started process (PID=356) to work on /opt/airflow/dags/tiki_pipeline_dag.py
[2026-09-26T07:02:18.662+0000] {processor.py:830} INFO - Processing file /opt/airflow/dags/tiki_pipeline_dag.py for tasks to queue
[2026-09-26T07:02:18.663+0000] {logging_mixin.py:188} INFO - [2026-09-26T07:02:18.663+0000] {dagbag.py:538} INFO - Filling up the DagBag from /opt/airflow/dags/tiki_pipeline_dag.py
[2026-09-26T07:02:18.678+0000] {processor.py:840} INFO - DAG(s) 'tiki_end_to_end_pipeline' retrieved from /opt/airflow/dags/tiki_pipeline_dag.py
[2026-09-26T07:02:18.710+0000] {logging_mixin.py:188} INFO - [2026-09-26T07:02:18.709+0000] {dag.py:3036} INFO - Sync 1 DAGs
[2026-09-26T07:02:18.733+0000] {logging_mixin.py:188} INFO - [2026-09-26T07:02:18.733+0000] {dag.py:3823} INFO - Setting next_dagrun for tiki_end_to_end_pipeline to 2026-09-25 10:00:00+00:00, run_after=2026-09-26 10:00:00+00:00
[2026-09-26T07:02:18.758+0000] {processor.py:183} INFO - Processing /opt/airflow/dags/tiki_pipeline_dag.py took 0.101 seconds
[2026-09-26T07:02:48.946+0000] {processor.py:161} INFO - Started process (PID=361) to work on /opt/airflow/dags/tiki_pipeline_dag.py
[2026-09-26T07:02:48.947+0000] {processor.py:830} INFO - Processing file /opt/airflow/dags/tiki_pipeline_dag.py for tasks to queue
[2026-09-26T07:02:48.949+0000] {logging_mixin.py:188} INFO - [2026-09-26T07:02:48.948+0000] {dagbag.py:538} INFO - Filling up the DagBag from /opt/airflow/dags/tiki_pipeline_dag.py
[2026-09-26T07:02:48.964+0000] {processor.py:840} INFO - DAG(s) 'tiki_end_to_end_pipeline' retrieved from /opt/airflow/dags/tiki_pipeline_dag.py
[2026-09-26T07:02:48.997+0000] {logging_mixin.py:188} INFO - [2026-09-26T07:02:48.997+0000] {dag.py:3036} INFO - Sync 1 DAGs
[2026-09-26T07:02:49.031+0000] {logging_mixin.py:188} INFO - [2026-09-26T07:02:49.031+0000] {dag.py:3823} INFO - Setting next_dagrun for tiki_end_to_end_pipeline to 2026-09-25 10:00:00+00:00, run_after=2026-09-26 10:00:00+00:00
[2026-09-26T07:02:49.054+0000] {processor.py:183} INFO - Processing /opt/airflow/dags/tiki_pipeline_dag.py took 0.112 seconds
[2026-09-26T07:03:19.301+0000] {processor.py:161} INFO - Started process (PID=366) to work on /opt/airflow/dags/tiki_pipeline_dag.py
[2026-09-26T07:03:19.302+0000] {processor.py:830} INFO - Processing file /opt/airflow/dags/tiki_pipeline_dag.py for tasks to queue
[2026-09-26T07:03:19.303+0000] {logging_mixin.py:188} INFO - [2026-09-26T07:03:19.303+0000] {dagbag.py:538} INFO - Filling up the DagBag from /opt/airflow/dags/tiki_pipeline_dag.py
[2026-09-26T07:03:19.318+0000] {processor.py:840} INFO - DAG(s) 'tiki_end_to_end_pipeline' retrieved from /opt/airflow/dags/tiki_pipeline_dag.py
[2026-09-26T07:03:19.347+0000] {logging_mixin.py:188} INFO - [2026-09-26T07:03:19.347+0000] {dag.py:3036} INFO - Sync 1 DAGs
[2026-09-26T07:03:19.374+0000] {logging_mixin.py:188} INFO - [2026-09-26T07:03:19.373+0000] {dag.py:3823} INFO - Setting next_dagrun for tiki_end_to_end_pipeline to 2026-09-25 10:00:00+00:00, run_after=2026-09-26 10:00:00+00:00
[2026-09-26T07:03:19.401+0000] {processor.py:183} INFO - Processing /opt/airflow/dags/tiki_pipeline_dag.py took 0.105 seconds
[2026-09-26T07:03:49.509+0000] {processor.py:161} INFO - Started process (PID=371) to work on /opt/airflow/dags/tiki_pipeline_dag.py
[2026-09-26T07:03:49.510+0000] {processor.py:830} INFO - Processing file /opt/airflow/dags/tiki_pipeline_dag.py for tasks to queue
[2026-09-26T07:03:49.510+0000] {logging_mixin.py:188} INFO - [2026-09-26T07:03:49.510+0000] {dagbag.py:538} INFO - Filling up the DagBag from /opt/airflow/dags/tiki_pipeline_dag.py
[2026-09-26T07:03:49.527+0000] {processor.py:840} INFO - DAG(s) 'tiki_end_to_end_pipeline' retrieved from /opt/airflow/dags/tiki_pipeline_dag.py
[2026-09-26T07:03:49.553+0000] {logging_mixin.py:188} INFO - [2026-09-26T07:03:49.553+0000] {dag.py:3036} INFO - Sync 1 DAGs
[2026-09-26T07:03:49.577+0000] {logging_mixin.py:188} INFO - [2026-09-26T07:03:49.577+0000] {dag.py:3823} INFO - Setting next_dagrun for tiki_end_to_end_pipeline to 2026-09-25 10:00:00+00:00, run_after=2026-09-26 10:00:00+00:00
[2026-09-26T07:03:49.601+0000] {processor.py:183} INFO - Processing /opt/airflow/dags/tiki_pipeline_dag.py took 0.097 seconds
[2026-09-26T07:04:19.802+0000] {processor.py:161} INFO - Started process (PID=376) to work on /opt/airflow/dags/tiki_pipeline_dag.py
[2026-09-26T07:04:19.803+0000] {processor.py:830} INFO - Processing file /opt/airflow/dags/tiki_pipeline_dag.py for tasks to queue
[2026-09-26T07:04:19.804+0000] {logging_mixin.py:188} INFO - [2026-09-26T07:04:19.804+0000] {dagbag.py:538} INFO - Filling up the DagBag from /opt/airflow/dags/tiki_pipeline_dag.py
[2026-09-26T07:04:19.819+0000] {processor.py:840} INFO - DAG(s) 'tiki_end_to_end_pipeline' retrieved from /opt/airflow/dags/tiki_pipeline_dag.py
[2026-09-26T07:04:19.850+0000] {logging_mixin.py:188} INFO - [2026-09-26T07:04:19.849+0000] {dag.py:3036} INFO - Sync 1 DAGs
[2026-09-26T07:04:19.873+0000] {logging_mixin.py:188} INFO - [2026-09-26T07:04:19.873+0000] {dag.py:3823} INFO - Setting next_dagrun for tiki_end_to_end_pipeline to 2026-09-25 10:00:00+00:00, run_after=2026-09-26 10:00:00+00:00
[2026-09-26T07:04:19.895+0000] {processor.py:183} INFO - Processing /opt/airflow/dags/tiki_pipeline_dag.py took 0.098 seconds
[2026-09-26T10:52:06.436+0000] {processor.py:161} INFO - Started process (PID=163) to work on /opt/airflow/dags/tiki_pipeline_dag.py
[2026-09-26T10:52:06.439+0000] {processor.py:830} INFO - Processing file /opt/airflow/dags/tiki_pipeline_dag.py for tasks to queue
[2026-09-26T10:52:06.444+0000] {logging_mixin.py:188} INFO - [2026-09-26T10:52:06.443+0000] {dagbag.py:538} INFO - Filling up the DagBag from /opt/airflow/dags/tiki_pipeline_dag.py
[2026-09-26T10:52:06.485+0000] {processor.py:840} INFO - DAG(s) 'tiki_end_to_end_pipeline' retrieved from /opt/airflow/dags/tiki_pipeline_dag.py
[2026-09-26T10:52:06.559+0000] {logging_mixin.py:188} INFO - [2026-09-26T10:52:06.559+0000] {dag.py:3036} INFO - Sync 1 DAGs
[2026-09-26T10:52:06.641+0000] {logging_mixin.py:188} INFO - [2026-09-26T10:52:06.640+0000] {dag.py:3823} INFO - Setting next_dagrun for tiki_end_to_end_pipeline to 2026-09-26 10:00:00+00:00, run_after=2026-09-27 10:00:00+00:00
[2026-09-26T10:52:06.681+0000] {processor.py:183} INFO - Processing /opt/airflow/dags/tiki_pipeline_dag.py took 0.255 seconds
[2026-09-26T10:52:36.857+0000] {processor.py:161} INFO - Started process (PID=203) to work on /opt/airflow/dags/tiki_pipeline_dag.py
[2026-09-26T10:52:36.859+0000] {processor.py:830} INFO - Processing file /opt/airflow/dags/tiki_pipeline_dag.py for tasks to queue
[2026-09-26T10:52:36.860+0000] {logging_mixin.py:188} INFO - [2026-09-26T10:52:36.860+0000] {dagbag.py:538} INFO - Filling up the DagBag from /opt/airflow/dags/tiki_pipeline_dag.py
[2026-09-26T10:52:36.876+0000] {processor.py:840} INFO - DAG(s) 'tiki_end_to_end_pipeline' retrieved from /opt/airflow/dags/tiki_pipeline_dag.py
[2026-09-26T10:52:37.165+0000] {logging_mixin.py:188} INFO - [2026-09-26T10:52:37.165+0000] {dag.py:3036} INFO - Sync 1 DAGs
[2026-09-26T10:52:37.195+0000] {logging_mixin.py:188} INFO - [2026-09-26T10:52:37.194+0000] {dag.py:3823} INFO - Setting next_dagrun for tiki_end_to_end_pipeline to 2026-09-26 10:00:00+00:00, run_after=2026-09-27 10:00:00+00:00
[2026-09-26T10:52:37.221+0000] {processor.py:183} INFO - Processing /opt/airflow/dags/tiki_pipeline_dag.py took 0.369 seconds
[2026-09-26T10:53:07.458+0000] {processor.py:161} INFO - Started process (PID=229) to work on /opt/airflow/dags/tiki_pipeline_dag.py
[2026-09-26T10:53:07.460+0000] {processor.py:830} INFO - Processing file /opt/airflow/dags/tiki_pipeline_dag.py for tasks to queue
[2026-09-26T10:53:07.461+0000] {logging_mixin.py:188} INFO - [2026-09-26T10:53:07.461+0000] {dagbag.py:538} INFO - Filling up the DagBag from /opt/airflow/dags/tiki_pipeline_dag.py
[2026-09-26T10:53:07.479+0000] {processor.py:840} INFO - DAG(s) 'tiki_end_to_end_pipeline' retrieved from /opt/airflow/dags/tiki_pipeline_dag.py
[2026-09-26T10:53:07.518+0000] {logging_mixin.py:188} INFO - [2026-09-26T10:53:07.518+0000] {dag.py:3036} INFO - Sync 1 DAGs
[2026-09-26T10:53:07.550+0000] {logging_mixin.py:188} INFO - [2026-09-26T10:53:07.550+0000] {dag.py:3823} INFO - Setting next_dagrun for tiki_end_to_end_pipeline to 2026-09-26 10:00:00+00:00, run_after=2026-09-27 10:00:00+00:00
[2026-09-26T10:53:07.579+0000] {processor.py:183} INFO - Processing /opt/airflow/dags/tiki_pipeline_dag.py took 0.125 seconds
[2026-09-26T10:53:37.628+0000] {processor.py:161} INFO - Started process (PID=234) to work on /opt/airflow/dags/tiki_pipeline_dag.py
[2026-09-26T10:53:37.629+0000] {processor.py:830} INFO - Processing file /opt/airflow/dags/tiki_pipeline_dag.py for tasks to queue
[2026-09-26T10:53:37.630+0000] {logging_mixin.py:188} INFO - [2026-09-26T10:53:37.630+0000] {dagbag.py:538} INFO - Filling up the DagBag from /opt/airflow/dags/tiki_pipeline_dag.py
[2026-09-26T10:53:37.646+0000] {processor.py:840} INFO - DAG(s) 'tiki_end_to_end_pipeline' retrieved from /opt/airflow/dags/tiki_pipeline_dag.py
[2026-09-26T10:53:37.677+0000] {logging_mixin.py:188} INFO - [2026-09-26T10:53:37.676+0000] {dag.py:3036} INFO - Sync 1 DAGs
[2026-09-26T10:53:37.701+0000] {logging_mixin.py:188} INFO - [2026-09-26T10:53:37.701+0000] {dag.py:3823} INFO - Setting next_dagrun for tiki_end_to_end_pipeline to 2026-09-26 10:00:00+00:00, run_after=2026-09-27 10:00:00+00:00
[2026-09-26T10:53:37.724+0000] {processor.py:183} INFO - Processing /opt/airflow/dags/tiki_pipeline_dag.py took 0.100 seconds
[2026-09-26T10:54:07.879+0000] {processor.py:161} INFO - Started process (PID=239) to work on /opt/airflow/dags/tiki_pipeline_dag.py
[2026-09-26T10:54:07.880+0000] {processor.py:830} INFO - Processing file /opt/airflow/dags/tiki_pipeline_dag.py for tasks to queue
[2026-09-26T10:54:07.881+0000] {logging_mixin.py:188} INFO - [2026-09-26T10:54:07.881+0000] {dagbag.py:538} INFO - Filling up the DagBag from /opt/airflow/dags/tiki_pipeline_dag.py
[2026-09-26T10:54:07.896+0000] {processor.py:840} INFO - DAG(s) 'tiki_end_to_end_pipeline' retrieved from /opt/airflow/dags/tiki_pipeline_dag.py
[2026-09-26T10:54:07.924+0000] {logging_mixin.py:188} INFO - [2026-09-26T10:54:07.924+0000] {dag.py:3036} INFO - Sync 1 DAGs
[2026-09-26T10:54:07.947+0000] {logging_mixin.py:188} INFO - [2026-09-26T10:54:07.946+0000] {dag.py:3823} INFO - Setting next_dagrun for tiki_end_to_end_pipeline to 2026-09-26 10:00:00+00:00, run_after=2026-09-27 10:00:00+00:00
[2026-09-26T10:54:07.967+0000] {processor.py:183} INFO - Processing /opt/airflow/dags/tiki_pipeline_dag.py took 0.092 seconds
[2026-09-26T10:54:38.164+0000] {processor.py:161} INFO - Started process (PID=244) to work on /opt/airflow/dags/tiki_pipeline_dag.py
[2026-09-26T10:54:38.165+0000] {processor.py:830} INFO - Processing file /opt/airflow/dags/tiki_pipeline_dag.py for tasks to queue
[2026-09-26T10:54:38.166+0000] {logging_mixin.py:188} INFO - [2026-09-26T10:54:38.165+0000] {dagbag.py:538} INFO - Filling up the DagBag from /opt/airflow/dags/tiki_pipeline_dag.py
[2026-09-26T10:54:38.183+0000] {processor.py:840} INFO - DAG(s) 'tiki_end_to_end_pipeline' retrieved from /opt/airflow/dags/tiki_pipeline_dag.py
[2026-09-26T10:54:38.213+0000] {logging_mixin.py:188} INFO - [2026-09-26T10:54:38.212+0000] {dag.py:3036} INFO - Sync 1 DAGs
[2026-09-26T10:54:38.238+0000] {logging_mixin.py:188} INFO - [2026-09-26T10:54:38.238+0000] {dag.py:3823} INFO - Setting next_dagrun for tiki_end_to_end_pipeline to 2026-09-26 10:00:00+00:00, run_after=2026-09-27 10:00:00+00:00
[2026-09-26T10:54:38.266+0000] {processor.py:183} INFO - Processing /opt/airflow/dags/tiki_pipeline_dag.py took 0.107 seconds
[2026-09-26T10:55:08.443+0000] {processor.py:161} INFO - Started process (PID=249) to work on /opt/airflow/dags/tiki_pipeline_dag.py
[2026-09-26T10:55:08.444+0000] {processor.py:830} INFO - Processing file /opt/airflow/dags/tiki_pipeline_dag.py for tasks to queue
[2026-09-26T10:55:08.446+0000] {logging_mixin.py:188} INFO - [2026-09-26T10:55:08.445+0000] {dagbag.py:538} INFO - Filling up the DagBag from /opt/airflow/dags/tiki_pipeline_dag.py
[2026-09-26T10:55:08.468+0000] {processor.py:840} INFO - DAG(s) 'tiki_end_to_end_pipeline' retrieved from /opt/airflow/dags/tiki_pipeline_dag.py
[2026-09-26T10:55:08.506+0000] {logging_mixin.py:188} INFO - [2026-09-26T10:55:08.506+0000] {dag.py:3036} INFO - Sync 1 DAGs
[2026-09-26T10:55:08.547+0000] {logging_mixin.py:188} INFO - [2026-09-26T10:55:08.547+0000] {dag.py:3823} INFO - Setting next_dagrun for tiki_end_to_end_pipeline to 2026-09-26 10:00:00+00:00, run_after=2026-09-27 10:00:00+00:00
[2026-09-26T10:55:08.578+0000] {processor.py:183} INFO - Processing /opt/airflow/dags/tiki_pipeline_dag.py took 0.141 seconds
[2026-09-26T10:55:38.696+0000] {processor.py:161} INFO - Started process (PID=254) to work on /opt/airflow/dags/tiki_pipeline_dag.py
[2026-09-26T10:55:38.697+0000] {processor.py:830} INFO - Processing file /opt/airflow/dags/tiki_pipeline_dag.py for tasks to queue
[2026-09-26T10:55:38.698+0000] {logging_mixin.py:188} INFO - [2026-09-26T10:55:38.698+0000] {dagbag.py:538} INFO - Filling up the DagBag from /opt/airflow/dags/tiki_pipeline_dag.py
[2026-09-26T10:55:38.714+0000] {processor.py:840} INFO - DAG(s) 'tiki_end_to_end_pipeline' retrieved from /opt/airflow/dags/tiki_pipeline_dag.py
[2026-09-26T10:55:38.744+0000] {logging_mixin.py:188} INFO - [2026-09-26T10:55:38.744+0000] {dag.py:3036} INFO - Sync 1 DAGs
[2026-09-26T10:55:38.768+0000] {logging_mixin.py:188} INFO - [2026-09-26T10:55:38.768+0000] {dag.py:3823} INFO - Setting next_dagrun for tiki_end_to_end_pipeline to 2026-09-26 10:00:00+00:00, run_after=2026-09-27 10:00:00+00:00
[2026-09-26T10:55:38.793+0000] {processor.py:183} INFO - Processing /opt/airflow/dags/tiki_pipeline_dag.py took 0.101 seconds
[2026-09-26T10:56:08.962+0000] {processor.py:161} INFO - Started process (PID=259) to work on /opt/airflow/dags/tiki_pipeline_dag.py
[2026-09-26T10:56:08.964+0000] {processor.py:830} INFO - Processing file /opt/airflow/dags/tiki_pipeline_dag.py for tasks to queue
[2026-09-26T10:56:08.966+0000] {logging_mixin.py:188} INFO - [2026-09-26T10:56:08.965+0000] {dagbag.py:538} INFO - Filling up the DagBag from /opt/airflow/dags/tiki_pipeline_dag.py
[2026-09-26T10:56:08.987+0000] {processor.py:840} INFO - DAG(s) 'tiki_end_to_end_pipeline' retrieved from /opt/airflow/dags/tiki_pipeline_dag.py
[2026-09-26T10:56:09.025+0000] {logging_mixin.py:188} INFO - [2026-09-26T10:56:09.025+0000] {dag.py:3036} INFO - Sync 1 DAGs
[2026-09-26T10:56:09.083+0000] {logging_mixin.py:188} INFO - [2026-09-26T10:56:09.082+0000] {dag.py:3823} INFO - Setting next_dagrun for tiki_end_to_end_pipeline to 2026-09-26 10:00:00+00:00, run_after=2026-09-27 10:00:00+00:00
[2026-09-26T10:56:09.116+0000] {processor.py:183} INFO - Processing /opt/airflow/dags/tiki_pipeline_dag.py took 0.159 seconds
[2026-09-26T10:56:39.246+0000] {processor.py:161} INFO - Started process (PID=264) to work on /opt/airflow/dags/tiki_pipeline_dag.py
[2026-09-26T10:56:39.248+0000] {processor.py:830} INFO - Processing file /opt/airflow/dags/tiki_pipeline_dag.py for tasks to queue
[2026-09-26T10:56:39.249+0000] {logging_mixin.py:188} INFO - [2026-09-26T10:56:39.248+0000] {dagbag.py:538} INFO - Filling up the DagBag from /opt/airflow/dags/tiki_pipeline_dag.py
[2026-09-26T10:56:39.270+0000] {processor.py:840} INFO - DAG(s) 'tiki_end_to_end_pipeline' retrieved from /opt/airflow/dags/tiki_pipeline_dag.py
[2026-09-26T10:56:39.311+0000] {logging_mixin.py:188} INFO - [2026-09-26T10:56:39.311+0000] {dag.py:3036} INFO - Sync 1 DAGs
[2026-09-26T10:56:39.338+0000] {logging_mixin.py:188} INFO - [2026-09-26T10:56:39.338+0000] {dag.py:3823} INFO - Setting next_dagrun for tiki_end_to_end_pipeline to 2026-09-26 10:00:00+00:00, run_after=2026-09-27 10:00:00+00:00
[2026-09-26T10:56:39.367+0000] {processor.py:183} INFO - Processing /opt/airflow/dags/tiki_pipeline_dag.py took 0.125 seconds
[2026-09-26T10:57:09.620+0000] {processor.py:161} INFO - Started process (PID=269) to work on /opt/airflow/dags/tiki_pipeline_dag.py
[2026-09-26T10:57:09.621+0000] {processor.py:830} INFO - Processing file /opt/airflow/dags/tiki_pipeline_dag.py for tasks to queue
[2026-09-26T10:57:09.623+0000] {logging_mixin.py:188} INFO - [2026-09-26T10:57:09.622+0000] {dagbag.py:538} INFO - Filling up the DagBag from /opt/airflow/dags/tiki_pipeline_dag.py
[2026-09-26T10:57:09.643+0000] {processor.py:840} INFO - DAG(s) 'tiki_end_to_end_pipeline' retrieved from /opt/airflow/dags/tiki_pipeline_dag.py
[2026-09-26T10:57:09.678+0000] {logging_mixin.py:188} INFO - [2026-09-26T10:57:09.677+0000] {dag.py:3036} INFO - Sync 1 DAGs
[2026-09-26T10:57:09.708+0000] {logging_mixin.py:188} INFO - [2026-09-26T10:57:09.707+0000] {dag.py:3823} INFO - Setting next_dagrun for tiki_end_to_end_pipeline to 2026-09-26 10:00:00+00:00, run_after=2026-09-27 10:00:00+00:00
[2026-09-26T10:57:09.743+0000] {processor.py:183} INFO - Processing /opt/airflow/dags/tiki_pipeline_dag.py took 0.127 seconds
[2026-09-26T10:57:39.884+0000] {processor.py:161} INFO - Started process (PID=274) to work on /opt/airflow/dags/tiki_pipeline_dag.py
[2026-09-26T10:57:39.885+0000] {processor.py:830} INFO - Processing file /opt/airflow/dags/tiki_pipeline_dag.py for tasks to queue
[2026-09-26T10:57:39.886+0000] {logging_mixin.py:188} INFO - [2026-09-26T10:57:39.886+0000] {dagbag.py:538} INFO - Filling up the DagBag from /opt/airflow/dags/tiki_pipeline_dag.py
[2026-09-26T10:57:39.904+0000] {processor.py:840} INFO - DAG(s) 'tiki_end_to_end_pipeline' retrieved from /opt/airflow/dags/tiki_pipeline_dag.py
[2026-09-26T10:57:39.930+0000] {logging_mixin.py:188} INFO - [2026-09-26T10:57:39.930+0000] {dag.py:3036} INFO - Sync 1 DAGs
[2026-09-26T10:57:39.951+0000] {logging_mixin.py:188} INFO - [2026-09-26T10:57:39.951+0000] {dag.py:3823} INFO - Setting next_dagrun for tiki_end_to_end_pipeline to 2026-09-26 10:00:00+00:00, run_after=2026-09-27 10:00:00+00:00
[2026-09-26T10:57:39.970+0000] {processor.py:183} INFO - Processing /opt/airflow/dags/tiki_pipeline_dag.py took 0.091 seconds
[2026-09-26T10:58:10.144+0000] {processor.py:161} INFO - Started process (PID=279) to work on /opt/airflow/dags/tiki_pipeline_dag.py
[2026-09-26T10:58:10.145+0000] {processor.py:830} INFO - Processing file /opt/airflow/dags/tiki_pipeline_dag.py for tasks to queue
[2026-09-26T10:58:10.148+0000] {logging_mixin.py:188} INFO - [2026-09-26T10:58:10.147+0000] {dagbag.py:538} INFO - Filling up the DagBag from /opt/airflow/dags/tiki_pipeline_dag.py
[2026-09-26T10:58:10.170+0000] {processor.py:840} INFO - DAG(s) 'tiki_end_to_end_pipeline' retrieved from /opt/airflow/dags/tiki_pipeline_dag.py
[2026-09-26T10:58:10.261+0000] {logging_mixin.py:188} INFO - [2026-09-26T10:58:10.261+0000] {dag.py:3036} INFO - Sync 1 DAGs
[2026-09-26T10:58:10.326+0000] {logging_mixin.py:188} INFO - [2026-09-26T10:58:10.326+0000] {dag.py:3823} INFO - Setting next_dagrun for tiki_end_to_end_pipeline to 2026-09-26 10:00:00+00:00, run_after=2026-09-27 10:00:00+00:00
[2026-09-26T10:58:10.371+0000] {processor.py:183} INFO - Processing /opt/airflow/dags/tiki_pipeline_dag.py took 0.231 seconds
[2026-09-26T10:58:40.472+0000] {processor.py:161} INFO - Started process (PID=284) to work on /opt/airflow/dags/tiki_pipeline_dag.py
[2026-09-26T10:58:40.479+0000] {processor.py:830} INFO - Processing file /opt/airflow/dags/tiki_pipeline_dag.py for tasks to queue
[2026-09-26T10:58:40.484+0000] {logging_mixin.py:188} INFO - [2026-09-26T10:58:40.482+0000] {dagbag.py:538} INFO - Filling up the DagBag from /opt/airflow/dags/tiki_pipeline_dag.py
[2026-09-26T10:58:40.526+0000] {processor.py:840} INFO - DAG(s) 'tiki_end_to_end_pipeline' retrieved from /opt/airflow/dags/tiki_pipeline_dag.py
[2026-09-26T10:58:40.606+0000] {logging_mixin.py:188} INFO - [2026-09-26T10:58:40.606+0000] {dag.py:3036} INFO - Sync 1 DAGs
[2026-09-26T10:58:40.645+0000] {logging_mixin.py:188} INFO - [2026-09-26T10:58:40.645+0000] {dag.py:3823} INFO - Setting next_dagrun for tiki_end_to_end_pipeline to 2026-09-26 10:00:00+00:00, run_after=2026-09-27 10:00:00+00:00
[2026-09-26T10:58:40.781+0000] {processor.py:183} INFO - Processing /opt/airflow/dags/tiki_pipeline_dag.py took 0.314 seconds
[2026-09-26T10:59:10.861+0000] {processor.py:161} INFO - Started process (PID=289) to work on /opt/airflow/dags/tiki_pipeline_dag.py
[2026-09-26T10:59:10.862+0000] {processor.py:830} INFO - Processing file /opt/airflow/dags/tiki_pipeline_dag.py for tasks to queue
[2026-09-26T10:59:10.863+0000] {logging_mixin.py:188} INFO - [2026-09-26T10:59:10.863+0000] {dagbag.py:538} INFO - Filling up the DagBag from /opt/airflow/dags/tiki_pipeline_dag.py
[2026-09-26T10:59:10.884+0000] {processor.py:840} INFO - DAG(s) 'tiki_end_to_end_pipeline' retrieved from /opt/airflow/dags/tiki_pipeline_dag.py
[2026-09-26T10:59:10.920+0000] {logging_mixin.py:188} INFO - [2026-09-26T10:59:10.919+0000] {dag.py:3036} INFO - Sync 1 DAGs
[2026-09-26T10:59:10.949+0000] {logging_mixin.py:188} INFO - [2026-09-26T10:59:10.948+0000] {dag.py:3823} INFO - Setting next_dagrun for tiki_end_to_end_pipeline to 2026-09-26 10:00:00+00:00, run_after=2026-09-27 10:00:00+00:00
[2026-09-26T10:59:10.973+0000] {processor.py:183} INFO - Processing /opt/airflow/dags/tiki_pipeline_dag.py took 0.116 seconds
[2026-09-26T10:59:41.124+0000] {processor.py:161} INFO - Started process (PID=294) to work on /opt/airflow/dags/tiki_pipeline_dag.py
[2026-09-26T10:59:41.125+0000] {processor.py:830} INFO - Processing file /opt/airflow/dags/tiki_pipeline_dag.py for tasks to queue
[2026-09-26T10:59:41.128+0000] {logging_mixin.py:188} INFO - [2026-09-26T10:59:41.127+0000] {dagbag.py:538} INFO - Filling up the DagBag from /opt/airflow/dags/tiki_pipeline_dag.py
[2026-09-26T10:59:41.150+0000] {processor.py:840} INFO - DAG(s) 'tiki_end_to_end_pipeline' retrieved from /opt/airflow/dags/tiki_pipeline_dag.py
[2026-09-26T10:59:41.187+0000] {logging_mixin.py:188} INFO - [2026-09-26T10:59:41.186+0000] {dag.py:3036} INFO - Sync 1 DAGs
[2026-09-26T10:59:41.268+0000] {logging_mixin.py:188} INFO - [2026-09-26T10:59:41.268+0000] {dag.py:3823} INFO - Setting next_dagrun for tiki_end_to_end_pipeline to 2026-09-26 10:00:00+00:00, run_after=2026-09-27 10:00:00+00:00
[2026-09-26T10:59:41.302+0000] {processor.py:183} INFO - Processing /opt/airflow/dags/tiki_pipeline_dag.py took 0.185 seconds
[2026-09-26T11:00:11.510+0000] {processor.py:161} INFO - Started process (PID=299) to work on /opt/airflow/dags/tiki_pipeline_dag.py
[2026-09-26T11:00:11.513+0000] {processor.py:830} INFO - Processing file /opt/airflow/dags/tiki_pipeline_dag.py for tasks to queue
[2026-09-26T11:00:11.515+0000] {logging_mixin.py:188} INFO - [2026-09-26T11:00:11.514+0000] {dagbag.py:538} INFO - Filling up the DagBag from /opt/airflow/dags/tiki_pipeline_dag.py
[2026-09-26T11:00:11.534+0000] {processor.py:840} INFO - DAG(s) 'tiki_end_to_end_pipeline' retrieved from /opt/airflow/dags/tiki_pipeline_dag.py
[2026-09-26T11:00:11.570+0000] {logging_mixin.py:188} INFO - [2026-09-26T11:00:11.570+0000] {dag.py:3036} INFO - Sync 1 DAGs
[2026-09-26T11:00:11.603+0000] {logging_mixin.py:188} INFO - [2026-09-26T11:00:11.602+0000] {dag.py:3823} INFO - Setting next_dagrun for tiki_end_to_end_pipeline to 2026-09-26 10:00:00+00:00, run_after=2026-09-27 10:00:00+00:00
[2026-09-26T11:00:11.639+0000] {processor.py:183} INFO - Processing /opt/airflow/dags/tiki_pipeline_dag.py took 0.133 seconds
[2026-09-26T11:00:41.823+0000] {processor.py:161} INFO - Started process (PID=304) to work on /opt/airflow/dags/tiki_pipeline_dag.py
[2026-09-26T11:00:41.824+0000] {processor.py:830} INFO - Processing file /opt/airflow/dags/tiki_pipeline_dag.py for tasks to queue
[2026-09-26T11:00:41.826+0000] {logging_mixin.py:188} INFO - [2026-09-26T11:00:41.825+0000] {dagbag.py:538} INFO - Filling up the DagBag from /opt/airflow/dags/tiki_pipeline_dag.py
[2026-09-26T11:00:41.841+0000] {processor.py:840} INFO - DAG(s) 'tiki_end_to_end_pipeline' retrieved from /opt/airflow/dags/tiki_pipeline_dag.py
[2026-09-26T11:00:41.869+0000] {logging_mixin.py:188} INFO - [2026-09-26T11:00:41.869+0000] {dag.py:3036} INFO - Sync 1 DAGs
[2026-09-26T11:00:41.890+0000] {logging_mixin.py:188} INFO - [2026-09-26T11:00:41.889+0000] {dag.py:3823} INFO - Setting next_dagrun for tiki_end_to_end_pipeline to 2026-09-26 10:00:00+00:00, run_after=2026-09-27 10:00:00+00:00
[2026-09-26T11:00:41.912+0000] {processor.py:183} INFO - Processing /opt/airflow/dags/tiki_pipeline_dag.py took 0.094 seconds
[2026-09-26T11:01:12.190+0000] {processor.py:161} INFO - Started process (PID=309) to work on /opt/airflow/dags/tiki_pipeline_dag.py
[2026-09-26T11:01:12.191+0000] {processor.py:830} INFO - Processing file /opt/airflow/dags/tiki_pipeline_dag.py for tasks to queue
[2026-09-26T11:01:12.192+0000] {logging_mixin.py:188} INFO - [2026-09-26T11:01:12.192+0000] {dagbag.py:538} INFO - Filling up the DagBag from /opt/airflow/dags/tiki_pipeline_dag.py
[2026-09-26T11:01:12.219+0000] {processor.py:840} INFO - DAG(s) 'tiki_end_to_end_pipeline' retrieved from /opt/airflow/dags/tiki_pipeline_dag.py
[2026-09-26T11:01:12.258+0000] {logging_mixin.py:188} INFO - [2026-09-26T11:01:12.257+0000] {dag.py:3036} INFO - Sync 1 DAGs
[2026-09-26T11:01:12.287+0000] {logging_mixin.py:188} INFO - [2026-09-26T11:01:12.287+0000] {dag.py:3823} INFO - Setting next_dagrun for tiki_end_to_end_pipeline to 2026-09-26 10:00:00+00:00, run_after=2026-09-27 10:00:00+00:00
[2026-09-26T11:01:12.318+0000] {processor.py:183} INFO - Processing /opt/airflow/dags/tiki_pipeline_dag.py took 0.132 seconds
[2026-09-26T11:01:42.471+0000] {processor.py:161} INFO - Started process (PID=314) to work on /opt/airflow/dags/tiki_pipeline_dag.py
[2026-09-26T11:01:42.472+0000] {processor.py:830} INFO - Processing file /opt/airflow/dags/tiki_pipeline_dag.py for tasks to queue
[2026-09-26T11:01:42.473+0000] {logging_mixin.py:188} INFO - [2026-09-26T11:01:42.472+0000] {dagbag.py:538} INFO - Filling up the DagBag from /opt/airflow/dags/tiki_pipeline_dag.py
[2026-09-26T11:01:42.487+0000] {processor.py:840} INFO - DAG(s) 'tiki_end_to_end_pipeline' retrieved from /opt/airflow/dags/tiki_pipeline_dag.py
[2026-09-26T11:01:42.519+0000] {logging_mixin.py:188} INFO - [2026-09-26T11:01:42.518+0000] {dag.py:3036} INFO - Sync 1 DAGs
[2026-09-26T11:01:42.545+0000] {logging_mixin.py:188} INFO - [2026-09-26T11:01:42.545+0000] {dag.py:3823} INFO - Setting next_dagrun for tiki_end_to_end_pipeline to 2026-09-26 10:00:00+00:00, run_after=2026-09-27 10:00:00+00:00
[2026-09-26T11:01:42.575+0000] {processor.py:183} INFO - Processing /opt/airflow/dags/tiki_pipeline_dag.py took 0.107 seconds
[2026-09-26T11:02:12.856+0000] {processor.py:161} INFO - Started process (PID=319) to work on /opt/airflow/dags/tiki_pipeline_dag.py
[2026-09-26T11:02:12.857+0000] {processor.py:830} INFO - Processing file /opt/airflow/dags/tiki_pipeline_dag.py for tasks to queue
[2026-09-26T11:02:12.858+0000] {logging_mixin.py:188} INFO - [2026-09-26T11:02:12.858+0000] {dagbag.py:538} INFO - Filling up the DagBag from /opt/airflow/dags/tiki_pipeline_dag.py
[2026-09-26T11:02:12.872+0000] {processor.py:840} INFO - DAG(s) 'tiki_end_to_end_pipeline' retrieved from /opt/airflow/dags/tiki_pipeline_dag.py
[2026-09-26T11:02:12.902+0000] {logging_mixin.py:188} INFO - [2026-09-26T11:02:12.902+0000] {dag.py:3036} INFO - Sync 1 DAGs
[2026-09-26T11:02:12.924+0000] {logging_mixin.py:188} INFO - [2026-09-26T11:02:12.923+0000] {dag.py:3823} INFO - Setting next_dagrun for tiki_end_to_end_pipeline to 2026-09-26 10:00:00+00:00, run_after=2026-09-27 10:00:00+00:00
[2026-09-26T11:02:12.942+0000] {processor.py:183} INFO - Processing /opt/airflow/dags/tiki_pipeline_dag.py took 0.089 seconds
[2026-09-26T11:02:43.106+0000] {processor.py:161} INFO - Started process (PID=324) to work on /opt/airflow/dags/tiki_pipeline_dag.py
[2026-09-26T11:02:43.107+0000] {processor.py:830} INFO - Processing file /opt/airflow/dags/tiki_pipeline_dag.py for tasks to queue
[2026-09-26T11:02:43.109+0000] {logging_mixin.py:188} INFO - [2026-09-26T11:02:43.108+0000] {dagbag.py:538} INFO - Filling up the DagBag from /opt/airflow/dags/tiki_pipeline_dag.py
[2026-09-26T11:02:43.126+0000] {processor.py:840} INFO - DAG(s) 'tiki_end_to_end_pipeline' retrieved from /opt/airflow/dags/tiki_pipeline_dag.py
[2026-09-26T11:02:43.159+0000] {logging_mixin.py:188} INFO - [2026-09-26T11:02:43.159+0000] {dag.py:3036} INFO - Sync 1 DAGs
[2026-09-26T11:02:43.180+0000] {logging_mixin.py:188} INFO - [2026-09-26T11:02:43.180+0000] {dag.py:3823} INFO - Setting next_dagrun for tiki_end_to_end_pipeline to 2026-09-26 10:00:00+00:00, run_after=2026-09-27 10:00:00+00:00
[2026-09-26T11:02:43.199+0000] {processor.py:183} INFO - Processing /opt/airflow/dags/tiki_pipeline_dag.py took 0.097 seconds
[2026-09-26T11:03:13.431+0000] {processor.py:161} INFO - Started process (PID=329) to work on /opt/airflow/dags/tiki_pipeline_dag.py
[2026-09-26T11:03:13.432+0000] {processor.py:830} INFO - Processing file /opt/airflow/dags/tiki_pipeline_dag.py for tasks to queue
[2026-09-26T11:03:13.434+0000] {logging_mixin.py:188} INFO - [2026-09-26T11:03:13.433+0000] {dagbag.py:538} INFO - Filling up the DagBag from /opt/airflow/dags/tiki_pipeline_dag.py
[2026-09-26T11:03:13.451+0000] {processor.py:840} INFO - DAG(s) 'tiki_end_to_end_pipeline' retrieved from /opt/airflow/dags/tiki_pipeline_dag.py
[2026-09-26T11:03:13.483+0000] {logging_mixin.py:188} INFO - [2026-09-26T11:03:13.482+0000] {dag.py:3036} INFO - Sync 1 DAGs
[2026-09-26T11:03:13.509+0000] {logging_mixin.py:188} INFO - [2026-09-26T11:03:13.508+0000] {dag.py:3823} INFO - Setting next_dagrun for tiki_end_to_end_pipeline to 2026-09-26 10:00:00+00:00, run_after=2026-09-27 10:00:00+00:00
[2026-09-26T11:03:13.531+0000] {processor.py:183} INFO - Processing /opt/airflow/dags/tiki_pipeline_dag.py took 0.104 seconds
[2026-09-26T11:03:43.657+0000] {processor.py:161} INFO - Started process (PID=334) to work on /opt/airflow/dags/tiki_pipeline_dag.py
[2026-09-26T11:03:43.659+0000] {processor.py:830} INFO - Processing file /opt/airflow/dags/tiki_pipeline_dag.py for tasks to queue
[2026-09-26T11:03:43.660+0000] {logging_mixin.py:188} INFO - [2026-09-26T11:03:43.660+0000] {dagbag.py:538} INFO - Filling up the DagBag from /opt/airflow/dags/tiki_pipeline_dag.py
[2026-09-26T11:03:43.676+0000] {processor.py:840} INFO - DAG(s) 'tiki_end_to_end_pipeline' retrieved from /opt/airflow/dags/tiki_pipeline_dag.py
[2026-09-26T11:03:43.704+0000] {logging_mixin.py:188} INFO - [2026-09-26T11:03:43.704+0000] {dag.py:3036} INFO - Sync 1 DAGs
[2026-09-26T11:03:43.728+0000] {logging_mixin.py:188} INFO - [2026-09-26T11:03:43.727+0000] {dag.py:3823} INFO - Setting next_dagrun for tiki_end_to_end_pipeline to 2026-09-26 10:00:00+00:00, run_after=2026-09-27 10:00:00+00:00
[2026-09-26T11:03:43.752+0000] {processor.py:183} INFO - Processing /opt/airflow/dags/tiki_pipeline_dag.py took 0.099 seconds
[2026-09-26T11:04:14.002+0000] {processor.py:161} INFO - Started process (PID=339) to work on /opt/airflow/dags/tiki_pipeline_dag.py
[2026-09-26T11:04:14.003+0000] {processor.py:830} INFO - Processing file /opt/airflow/dags/tiki_pipeline_dag.py for tasks to queue
[2026-09-26T11:04:14.004+0000] {logging_mixin.py:188} INFO - [2026-09-26T11:04:14.004+0000] {dagbag.py:538} INFO - Filling up the DagBag from /opt/airflow/dags/tiki_pipeline_dag.py
[2026-09-26T11:04:14.019+0000] {processor.py:840} INFO - DAG(s) 'tiki_end_to_end_pipeline' retrieved from /opt/airflow/dags/tiki_pipeline_dag.py
[2026-09-26T11:04:14.045+0000] {logging_mixin.py:188} INFO - [2026-09-26T11:04:14.045+0000] {dag.py:3036} INFO - Sync 1 DAGs
[2026-09-26T11:04:14.065+0000] {logging_mixin.py:188} INFO - [2026-09-26T11:04:14.065+0000] {dag.py:3823} INFO - Setting next_dagrun for tiki_end_to_end_pipeline to 2026-09-26 10:00:00+00:00, run_after=2026-09-27 10:00:00+00:00
[2026-09-26T11:04:14.084+0000] {processor.py:183} INFO - Processing /opt/airflow/dags/tiki_pipeline_dag.py took 0.085 seconds
[2026-09-26T11:04:44.304+0000] {processor.py:161} INFO - Started process (PID=344) to work on /opt/airflow/dags/tiki_pipeline_dag.py
[2026-09-26T11:04:44.305+0000] {processor.py:830} INFO - Processing file /opt/airflow/dags/tiki_pipeline_dag.py for tasks to queue
[2026-09-26T11:04:44.306+0000] {logging_mixin.py:188} INFO - [2026-09-26T11:04:44.306+0000] {dagbag.py:538} INFO - Filling up the DagBag from /opt/airflow/dags/tiki_pipeline_dag.py
[2026-09-26T11:04:44.322+0000] {processor.py:840} INFO - DAG(s) 'tiki_end_to_end_pipeline' retrieved from /opt/airflow/dags/tiki_pipeline_dag.py
[2026-09-26T11:04:44.357+0000] {logging_mixin.py:188} INFO - [2026-09-26T11:04:44.357+0000] {dag.py:3036} INFO - Sync 1 DAGs
[2026-09-26T11:04:44.382+0000] {logging_mixin.py:188} INFO - [2026-09-26T11:04:44.382+0000] {dag.py:3823} INFO - Setting next_dagrun for tiki_end_to_end_pipeline to 2026-09-26 10:00:00+00:00, run_after=2026-09-27 10:00:00+00:00
[2026-09-26T11:04:44.405+0000] {processor.py:183} INFO - Processing /opt/airflow/dags/tiki_pipeline_dag.py took 0.106 seconds
[2026-09-26T11:05:14.676+0000] {processor.py:161} INFO - Started process (PID=349) to work on /opt/airflow/dags/tiki_pipeline_dag.py
[2026-09-26T11:05:14.677+0000] {processor.py:830} INFO - Processing file /opt/airflow/dags/tiki_pipeline_dag.py for tasks to queue
[2026-09-26T11:05:14.679+0000] {logging_mixin.py:188} INFO - [2026-09-26T11:05:14.678+0000] {dagbag.py:538} INFO - Filling up the DagBag from /opt/airflow/dags/tiki_pipeline_dag.py
[2026-09-26T11:05:14.701+0000] {processor.py:840} INFO - DAG(s) 'tiki_end_to_end_pipeline' retrieved from /opt/airflow/dags/tiki_pipeline_dag.py
[2026-09-26T11:05:14.734+0000] {logging_mixin.py:188} INFO - [2026-09-26T11:05:14.734+0000] {dag.py:3036} INFO - Sync 1 DAGs
[2026-09-26T11:05:14.771+0000] {logging_mixin.py:188} INFO - [2026-09-26T11:05:14.771+0000] {dag.py:3823} INFO - Setting next_dagrun for tiki_end_to_end_pipeline to 2026-09-26 10:00:00+00:00, run_after=2026-09-27 10:00:00+00:00
[2026-09-26T11:05:14.796+0000] {processor.py:183} INFO - Processing /opt/airflow/dags/tiki_pipeline_dag.py took 0.125 seconds
[2026-09-26T11:05:44.950+0000] {processor.py:161} INFO - Started process (PID=354) to work on /opt/airflow/dags/tiki_pipeline_dag.py
[2026-09-26T11:05:44.951+0000] {processor.py:830} INFO - Processing file /opt/airflow/dags/tiki_pipeline_dag.py for tasks to queue
[2026-09-26T11:05:44.953+0000] {logging_mixin.py:188} INFO - [2026-09-26T11:05:44.952+0000] {dagbag.py:538} INFO - Filling up the DagBag from /opt/airflow/dags/tiki_pipeline_dag.py
[2026-09-26T11:05:44.969+0000] {processor.py:840} INFO - DAG(s) 'tiki_end_to_end_pipeline' retrieved from /opt/airflow/dags/tiki_pipeline_dag.py
[2026-09-26T11:05:44.998+0000] {logging_mixin.py:188} INFO - [2026-09-26T11:05:44.998+0000] {dag.py:3036} INFO - Sync 1 DAGs
[2026-09-26T11:05:45.022+0000] {logging_mixin.py:188} INFO - [2026-09-26T11:05:45.022+0000] {dag.py:3823} INFO - Setting next_dagrun for tiki_end_to_end_pipeline to 2026-09-26 10:00:00+00:00, run_after=2026-09-27 10:00:00+00:00
[2026-09-26T11:05:45.044+0000] {processor.py:183} INFO - Processing /opt/airflow/dags/tiki_pipeline_dag.py took 0.099 seconds
[2026-09-26T11:06:15.341+0000] {processor.py:161} INFO - Started process (PID=359) to work on /opt/airflow/dags/tiki_pipeline_dag.py
[2026-09-26T11:06:15.343+0000] {processor.py:830} INFO - Processing file /opt/airflow/dags/tiki_pipeline_dag.py for tasks to queue
[2026-09-26T11:06:15.345+0000] {logging_mixin.py:188} INFO - [2026-09-26T11:06:15.344+0000] {dagbag.py:538} INFO - Filling up the DagBag from /opt/airflow/dags/tiki_pipeline_dag.py
[2026-09-26T11:06:15.365+0000] {processor.py:840} INFO - DAG(s) 'tiki_end_to_end_pipeline' retrieved from /opt/airflow/dags/tiki_pipeline_dag.py
[2026-09-26T11:06:15.399+0000] {logging_mixin.py:188} INFO - [2026-09-26T11:06:15.397+0000] {dag.py:3036} INFO - Sync 1 DAGs
[2026-09-26T11:06:15.426+0000] {logging_mixin.py:188} INFO - [2026-09-26T11:06:15.425+0000] {dag.py:3823} INFO - Setting next_dagrun for tiki_end_to_end_pipeline to 2026-09-26 10:00:00+00:00, run_after=2026-09-27 10:00:00+00:00
[2026-09-26T11:06:15.453+0000] {processor.py:183} INFO - Processing /opt/airflow/dags/tiki_pipeline_dag.py took 0.115 seconds
[2026-09-26T11:06:45.842+0000] {processor.py:161} INFO - Started process (PID=364) to work on /opt/airflow/dags/tiki_pipeline_dag.py
[2026-09-26T11:06:45.843+0000] {processor.py:830} INFO - Processing file /opt/airflow/dags/tiki_pipeline_dag.py for tasks to queue
[2026-09-26T11:06:45.846+0000] {logging_mixin.py:188} INFO - [2026-09-26T11:06:45.845+0000] {dagbag.py:538} INFO - Filling up the DagBag from /opt/airflow/dags/tiki_pipeline_dag.py
[2026-09-26T11:06:45.868+0000] {processor.py:840} INFO - DAG(s) 'tiki_end_to_end_pipeline' retrieved from /opt/airflow/dags/tiki_pipeline_dag.py
[2026-09-26T11:06:45.905+0000] {logging_mixin.py:188} INFO - [2026-09-26T11:06:45.905+0000] {dag.py:3036} INFO - Sync 1 DAGs
[2026-09-26T11:06:45.937+0000] {logging_mixin.py:188} INFO - [2026-09-26T11:06:45.937+0000] {dag.py:3823} INFO - Setting next_dagrun for tiki_end_to_end_pipeline to 2026-09-26 10:00:00+00:00, run_after=2026-09-27 10:00:00+00:00
[2026-09-26T11:06:45.970+0000] {processor.py:183} INFO - Processing /opt/airflow/dags/tiki_pipeline_dag.py took 0.132 seconds
[2026-09-26T11:07:16.167+0000] {processor.py:161} INFO - Started process (PID=369) to work on /opt/airflow/dags/tiki_pipeline_dag.py
[2026-09-26T11:07:16.172+0000] {processor.py:830} INFO - Processing file /opt/airflow/dags/tiki_pipeline_dag.py for tasks to queue
[2026-09-26T11:07:16.184+0000] {logging_mixin.py:188} INFO - [2026-09-26T11:07:16.183+0000] {dagbag.py:538} INFO - Filling up the DagBag from /opt/airflow/dags/tiki_pipeline_dag.py
[2026-09-26T11:07:16.209+0000] {processor.py:840} INFO - DAG(s) 'tiki_end_to_end_pipeline' retrieved from /opt/airflow/dags/tiki_pipeline_dag.py
[2026-09-26T11:07:16.247+0000] {logging_mixin.py:188} INFO - [2026-09-26T11:07:16.247+0000] {dag.py:3036} INFO - Sync 1 DAGs
[2026-09-26T11:07:16.277+0000] {logging_mixin.py:188} INFO - [2026-09-26T11:07:16.277+0000] {dag.py:3823} INFO - Setting next_dagrun for tiki_end_to_end_pipeline to 2026-09-26 10:00:00+00:00, run_after=2026-09-27 10:00:00+00:00
[2026-09-26T11:07:16.305+0000] {processor.py:183} INFO - Processing /opt/airflow/dags/tiki_pipeline_dag.py took 0.144 seconds
[2026-09-26T11:07:46.427+0000] {processor.py:161} INFO - Started process (PID=374) to work on /opt/airflow/dags/tiki_pipeline_dag.py
[2026-09-26T11:07:46.429+0000] {processor.py:830} INFO - Processing file /opt/airflow/dags/tiki_pipeline_dag.py for tasks to queue
[2026-09-26T11:07:46.430+0000] {logging_mixin.py:188} INFO - [2026-09-26T11:07:46.429+0000] {dagbag.py:538} INFO - Filling up the DagBag from /opt/airflow/dags/tiki_pipeline_dag.py
[2026-09-26T11:07:46.449+0000] {processor.py:840} INFO - DAG(s) 'tiki_end_to_end_pipeline' retrieved from /opt/airflow/dags/tiki_pipeline_dag.py
[2026-09-26T11:07:46.485+0000] {logging_mixin.py:188} INFO - [2026-09-26T11:07:46.484+0000] {dag.py:3036} INFO - Sync 1 DAGs
[2026-09-26T11:07:46.514+0000] {logging_mixin.py:188} INFO - [2026-09-26T11:07:46.513+0000] {dag.py:3823} INFO - Setting next_dagrun for tiki_end_to_end_pipeline to 2026-09-26 10:00:00+00:00, run_after=2026-09-27 10:00:00+00:00
[2026-09-26T11:07:46.540+0000] {processor.py:183} INFO - Processing /opt/airflow/dags/tiki_pipeline_dag.py took 0.119 seconds
[2026-09-26T11:08:16.797+0000] {processor.py:161} INFO - Started process (PID=379) to work on /opt/airflow/dags/tiki_pipeline_dag.py
[2026-09-26T11:08:16.799+0000] {processor.py:830} INFO - Processing file /opt/airflow/dags/tiki_pipeline_dag.py for tasks to queue
[2026-09-26T11:08:16.800+0000] {logging_mixin.py:188} INFO - [2026-09-26T11:08:16.799+0000] {dagbag.py:538} INFO - Filling up the DagBag from /opt/airflow/dags/tiki_pipeline_dag.py
[2026-09-26T11:08:16.816+0000] {processor.py:840} INFO - DAG(s) 'tiki_end_to_end_pipeline' retrieved from /opt/airflow/dags/tiki_pipeline_dag.py
[2026-09-26T11:08:16.846+0000] {logging_mixin.py:188} INFO - [2026-09-26T11:08:16.846+0000] {dag.py:3036} INFO - Sync 1 DAGs
[2026-09-26T11:08:16.874+0000] {logging_mixin.py:188} INFO - [2026-09-26T11:08:16.874+0000] {dag.py:3823} INFO - Setting next_dagrun for tiki_end_to_end_pipeline to 2026-09-26 10:00:00+00:00, run_after=2026-09-27 10:00:00+00:00
[2026-09-26T11:08:16.901+0000] {processor.py:183} INFO - Processing /opt/airflow/dags/tiki_pipeline_dag.py took 0.107 seconds
[2026-09-26T11:08:47.039+0000] {processor.py:161} INFO - Started process (PID=384) to work on /opt/airflow/dags/tiki_pipeline_dag.py
[2026-09-26T11:08:47.040+0000] {processor.py:830} INFO - Processing file /opt/airflow/dags/tiki_pipeline_dag.py for tasks to queue
[2026-09-26T11:08:47.041+0000] {logging_mixin.py:188} INFO - [2026-09-26T11:08:47.041+0000] {dagbag.py:538} INFO - Filling up the DagBag from /opt/airflow/dags/tiki_pipeline_dag.py
[2026-09-26T11:08:47.058+0000] {processor.py:840} INFO - DAG(s) 'tiki_end_to_end_pipeline' retrieved from /opt/airflow/dags/tiki_pipeline_dag.py
[2026-09-26T11:08:47.095+0000] {logging_mixin.py:188} INFO - [2026-09-26T11:08:47.095+0000] {dag.py:3036} INFO - Sync 1 DAGs
[2026-09-26T11:08:47.128+0000] {logging_mixin.py:188} INFO - [2026-09-26T11:08:47.127+0000] {dag.py:3823} INFO - Setting next_dagrun for tiki_end_to_end_pipeline to 2026-09-26 10:00:00+00:00, run_after=2026-09-27 10:00:00+00:00
[2026-09-26T11:08:47.154+0000] {processor.py:183} INFO - Processing /opt/airflow/dags/tiki_pipeline_dag.py took 0.121 seconds
[2026-09-26T11:09:17.332+0000] {processor.py:161} INFO - Started process (PID=389) to work on /opt/airflow/dags/tiki_pipeline_dag.py
[2026-09-26T11:09:17.333+0000] {processor.py:830} INFO - Processing file /opt/airflow/dags/tiki_pipeline_dag.py for tasks to queue
[2026-09-26T11:09:17.335+0000] {logging_mixin.py:188} INFO - [2026-09-26T11:09:17.334+0000] {dagbag.py:538} INFO - Filling up the DagBag from /opt/airflow/dags/tiki_pipeline_dag.py
[2026-09-26T11:09:17.349+0000] {processor.py:840} INFO - DAG(s) 'tiki_end_to_end_pipeline' retrieved from /opt/airflow/dags/tiki_pipeline_dag.py
[2026-09-26T11:09:17.378+0000] {logging_mixin.py:188} INFO - [2026-09-26T11:09:17.378+0000] {dag.py:3036} INFO - Sync 1 DAGs
[2026-09-26T11:09:17.402+0000] {logging_mixin.py:188} INFO - [2026-09-26T11:09:17.402+0000] {dag.py:3823} INFO - Setting next_dagrun for tiki_end_to_end_pipeline to 2026-09-26 10:00:00+00:00, run_after=2026-09-27 10:00:00+00:00
[2026-09-26T11:09:17.430+0000] {processor.py:183} INFO - Processing /opt/airflow/dags/tiki_pipeline_dag.py took 0.102 seconds
[2026-09-26T11:09:47.668+0000] {processor.py:161} INFO - Started process (PID=394) to work on /opt/airflow/dags/tiki_pipeline_dag.py
[2026-09-26T11:09:47.669+0000] {processor.py:830} INFO - Processing file /opt/airflow/dags/tiki_pipeline_dag.py for tasks to queue
[2026-09-26T11:09:47.670+0000] {logging_mixin.py:188} INFO - [2026-09-26T11:09:47.669+0000] {dagbag.py:538} INFO - Filling up the DagBag from /opt/airflow/dags/tiki_pipeline_dag.py
[2026-09-26T11:09:47.688+0000] {processor.py:840} INFO - DAG(s) 'tiki_end_to_end_pipeline' retrieved from /opt/airflow/dags/tiki_pipeline_dag.py
[2026-09-26T11:09:47.726+0000] {logging_mixin.py:188} INFO - [2026-09-26T11:09:47.726+0000] {dag.py:3036} INFO - Sync 1 DAGs
[2026-09-26T11:09:47.750+0000] {logging_mixin.py:188} INFO - [2026-09-26T11:09:47.750+0000] {dag.py:3823} INFO - Setting next_dagrun for tiki_end_to_end_pipeline to 2026-09-26 10:00:00+00:00, run_after=2026-09-27 10:00:00+00:00
[2026-09-26T11:09:47.776+0000] {processor.py:183} INFO - Processing /opt/airflow/dags/tiki_pipeline_dag.py took 0.112 seconds
[2026-09-26T11:10:18.114+0000] {processor.py:161} INFO - Started process (PID=399) to work on /opt/airflow/dags/tiki_pipeline_dag.py
[2026-09-26T11:10:18.115+0000] {processor.py:830} INFO - Processing file /opt/airflow/dags/tiki_pipeline_dag.py for tasks to queue
[2026-09-26T11:10:18.116+0000] {logging_mixin.py:188} INFO - [2026-09-26T11:10:18.116+0000] {dagbag.py:538} INFO - Filling up the DagBag from /opt/airflow/dags/tiki_pipeline_dag.py
[2026-09-26T11:10:18.138+0000] {processor.py:840} INFO - DAG(s) 'tiki_end_to_end_pipeline' retrieved from /opt/airflow/dags/tiki_pipeline_dag.py
[2026-09-26T11:10:18.168+0000] {logging_mixin.py:188} INFO - [2026-09-26T11:10:18.168+0000] {dag.py:3036} INFO - Sync 1 DAGs
[2026-09-26T11:10:18.201+0000] {logging_mixin.py:188} INFO - [2026-09-26T11:10:18.200+0000] {dag.py:3823} INFO - Setting next_dagrun for tiki_end_to_end_pipeline to 2026-09-26 10:00:00+00:00, run_after=2026-09-27 10:00:00+00:00
[2026-09-26T11:10:18.233+0000] {processor.py:183} INFO - Processing /opt/airflow/dags/tiki_pipeline_dag.py took 0.122 seconds
[2026-09-26T11:10:48.416+0000] {processor.py:161} INFO - Started process (PID=404) to work on /opt/airflow/dags/tiki_pipeline_dag.py
[2026-09-26T11:10:48.417+0000] {processor.py:830} INFO - Processing file /opt/airflow/dags/tiki_pipeline_dag.py for tasks to queue
[2026-09-26T11:10:48.419+0000] {logging_mixin.py:188} INFO - [2026-09-26T11:10:48.418+0000] {dagbag.py:538} INFO - Filling up the DagBag from /opt/airflow/dags/tiki_pipeline_dag.py
[2026-09-26T11:10:48.436+0000] {processor.py:840} INFO - DAG(s) 'tiki_end_to_end_pipeline' retrieved from /opt/airflow/dags/tiki_pipeline_dag.py
[2026-09-26T11:10:48.463+0000] {logging_mixin.py:188} INFO - [2026-09-26T11:10:48.463+0000] {dag.py:3036} INFO - Sync 1 DAGs
[2026-09-26T11:10:48.486+0000] {logging_mixin.py:188} INFO - [2026-09-26T11:10:48.486+0000] {dag.py:3823} INFO - Setting next_dagrun for tiki_end_to_end_pipeline to 2026-09-26 10:00:00+00:00, run_after=2026-09-27 10:00:00+00:00
[2026-09-26T11:10:48.512+0000] {processor.py:183} INFO - Processing /opt/airflow/dags/tiki_pipeline_dag.py took 0.101 seconds
[2026-09-26T11:11:18.796+0000] {processor.py:161} INFO - Started process (PID=409) to work on /opt/airflow/dags/tiki_pipeline_dag.py
[2026-09-26T11:11:18.798+0000] {processor.py:830} INFO - Processing file /opt/airflow/dags/tiki_pipeline_dag.py for tasks to queue
[2026-09-26T11:11:18.800+0000] {logging_mixin.py:188} INFO - [2026-09-26T11:11:18.799+0000] {dagbag.py:538} INFO - Filling up the DagBag from /opt/airflow/dags/tiki_pipeline_dag.py
[2026-09-26T11:11:18.819+0000] {processor.py:840} INFO - DAG(s) 'tiki_end_to_end_pipeline' retrieved from /opt/airflow/dags/tiki_pipeline_dag.py
[2026-09-26T11:11:18.862+0000] {logging_mixin.py:188} INFO - [2026-09-26T11:11:18.861+0000] {dag.py:3036} INFO - Sync 1 DAGs
[2026-09-26T11:11:18.891+0000] {logging_mixin.py:188} INFO - [2026-09-26T11:11:18.891+0000] {dag.py:3823} INFO - Setting next_dagrun for tiki_end_to_end_pipeline to 2026-09-26 10:00:00+00:00, run_after=2026-09-27 10:00:00+00:00
[2026-09-26T11:11:18.917+0000] {processor.py:183} INFO - Processing /opt/airflow/dags/tiki_pipeline_dag.py took 0.126 seconds
[2026-09-26T11:11:49.072+0000] {processor.py:161} INFO - Started process (PID=414) to work on /opt/airflow/dags/tiki_pipeline_dag.py
[2026-09-26T11:11:49.073+0000] {processor.py:830} INFO - Processing file /opt/airflow/dags/tiki_pipeline_dag.py for tasks to queue
[2026-09-26T11:11:49.075+0000] {logging_mixin.py:188} INFO - [2026-09-26T11:11:49.074+0000] {dagbag.py:538} INFO - Filling up the DagBag from /opt/airflow/dags/tiki_pipeline_dag.py
[2026-09-26T11:11:49.093+0000] {processor.py:840} INFO - DAG(s) 'tiki_end_to_end_pipeline' retrieved from /opt/airflow/dags/tiki_pipeline_dag.py
[2026-09-26T11:11:49.127+0000] {logging_mixin.py:188} INFO - [2026-09-26T11:11:49.126+0000] {dag.py:3036} INFO - Sync 1 DAGs
[2026-09-26T11:11:49.163+0000] {logging_mixin.py:188} INFO - [2026-09-26T11:11:49.163+0000] {dag.py:3823} INFO - Setting next_dagrun for tiki_end_to_end_pipeline to 2026-09-26 10:00:00+00:00, run_after=2026-09-27 10:00:00+00:00
[2026-09-26T11:11:49.191+0000] {processor.py:183} INFO - Processing /opt/airflow/dags/tiki_pipeline_dag.py took 0.124 seconds
[2026-09-26T11:12:19.450+0000] {processor.py:161} INFO - Started process (PID=419) to work on /opt/airflow/dags/tiki_pipeline_dag.py
[2026-09-26T11:12:19.451+0000] {processor.py:830} INFO - Processing file /opt/airflow/dags/tiki_pipeline_dag.py for tasks to queue
[2026-09-26T11:12:19.452+0000] {logging_mixin.py:188} INFO - [2026-09-26T11:12:19.452+0000] {dagbag.py:538} INFO - Filling up the DagBag from /opt/airflow/dags/tiki_pipeline_dag.py
[2026-09-26T11:12:19.468+0000] {processor.py:840} INFO - DAG(s) 'tiki_end_to_end_pipeline' retrieved from /opt/airflow/dags/tiki_pipeline_dag.py
[2026-09-26T11:12:19.497+0000] {logging_mixin.py:188} INFO - [2026-09-26T11:12:19.497+0000] {dag.py:3036} INFO - Sync 1 DAGs
[2026-09-26T11:12:19.525+0000] {logging_mixin.py:188} INFO - [2026-09-26T11:12:19.525+0000] {dag.py:3823} INFO - Setting next_dagrun for tiki_end_to_end_pipeline to 2026-09-26 10:00:00+00:00, run_after=2026-09-27 10:00:00+00:00
[2026-09-26T11:12:19.550+0000] {processor.py:183} INFO - Processing /opt/airflow/dags/tiki_pipeline_dag.py took 0.104 seconds
[2026-09-26T11:12:49.702+0000] {processor.py:161} INFO - Started process (PID=424) to work on /opt/airflow/dags/tiki_pipeline_dag.py
[2026-09-26T11:12:49.704+0000] {processor.py:830} INFO - Processing file /opt/airflow/dags/tiki_pipeline_dag.py for tasks to queue
[2026-09-26T11:12:49.705+0000] {logging_mixin.py:188} INFO - [2026-09-26T11:12:49.705+0000] {dagbag.py:538} INFO - Filling up the DagBag from /opt/airflow/dags/tiki_pipeline_dag.py
[2026-09-26T11:12:49.729+0000] {processor.py:840} INFO - DAG(s) 'tiki_end_to_end_pipeline' retrieved from /opt/airflow/dags/tiki_pipeline_dag.py
[2026-09-26T11:12:49.780+0000] {logging_mixin.py:188} INFO - [2026-09-26T11:12:49.780+0000] {dag.py:3036} INFO - Sync 1 DAGs
[2026-09-26T11:12:49.820+0000] {logging_mixin.py:188} INFO - [2026-09-26T11:12:49.820+0000] {dag.py:3823} INFO - Setting next_dagrun for tiki_end_to_end_pipeline to 2026-09-26 10:00:00+00:00, run_after=2026-09-27 10:00:00+00:00
[2026-09-26T11:12:49.999+0000] {processor.py:183} INFO - Processing /opt/airflow/dags/tiki_pipeline_dag.py took 0.302 seconds
[2026-09-26T11:13:20.294+0000] {processor.py:161} INFO - Started process (PID=429) to work on /opt/airflow/dags/tiki_pipeline_dag.py
[2026-09-26T11:13:20.303+0000] {processor.py:830} INFO - Processing file /opt/airflow/dags/tiki_pipeline_dag.py for tasks to queue
[2026-09-26T11:13:20.305+0000] {logging_mixin.py:188} INFO - [2026-09-26T11:13:20.305+0000] {dagbag.py:538} INFO - Filling up the DagBag from /opt/airflow/dags/tiki_pipeline_dag.py
[2026-09-26T11:13:20.343+0000] {processor.py:840} INFO - DAG(s) 'tiki_end_to_end_pipeline' retrieved from /opt/airflow/dags/tiki_pipeline_dag.py
[2026-09-26T11:13:20.376+0000] {logging_mixin.py:188} INFO - [2026-09-26T11:13:20.376+0000] {dag.py:3036} INFO - Sync 1 DAGs
[2026-09-26T11:13:20.408+0000] {logging_mixin.py:188} INFO - [2026-09-26T11:13:20.407+0000] {dag.py:3823} INFO - Setting next_dagrun for tiki_end_to_end_pipeline to 2026-09-26 10:00:00+00:00, run_after=2026-09-27 10:00:00+00:00
[2026-09-26T11:13:20.433+0000] {processor.py:183} INFO - Processing /opt/airflow/dags/tiki_pipeline_dag.py took 0.143 seconds
[2026-09-26T11:13:50.574+0000] {processor.py:161} INFO - Started process (PID=434) to work on /opt/airflow/dags/tiki_pipeline_dag.py
[2026-09-26T11:13:50.575+0000] {processor.py:830} INFO - Processing file /opt/airflow/dags/tiki_pipeline_dag.py for tasks to queue
[2026-09-26T11:13:50.577+0000] {logging_mixin.py:188} INFO - [2026-09-26T11:13:50.576+0000] {dagbag.py:538} INFO - Filling up the DagBag from /opt/airflow/dags/tiki_pipeline_dag.py
[2026-09-26T11:13:50.593+0000] {processor.py:840} INFO - DAG(s) 'tiki_end_to_end_pipeline' retrieved from /opt/airflow/dags/tiki_pipeline_dag.py
[2026-09-26T11:13:50.627+0000] {logging_mixin.py:188} INFO - [2026-09-26T11:13:50.627+0000] {dag.py:3036} INFO - Sync 1 DAGs
[2026-09-26T11:13:50.655+0000] {logging_mixin.py:188} INFO - [2026-09-26T11:13:50.655+0000] {dag.py:3823} INFO - Setting next_dagrun for tiki_end_to_end_pipeline to 2026-09-26 10:00:00+00:00, run_after=2026-09-27 10:00:00+00:00
[2026-09-26T11:13:50.684+0000] {processor.py:183} INFO - Processing /opt/airflow/dags/tiki_pipeline_dag.py took 0.115 seconds
[2026-09-26T11:14:20.924+0000] {processor.py:161} INFO - Started process (PID=439) to work on /opt/airflow/dags/tiki_pipeline_dag.py
[2026-09-26T11:14:20.925+0000] {processor.py:830} INFO - Processing file /opt/airflow/dags/tiki_pipeline_dag.py for tasks to queue
[2026-09-26T11:14:20.927+0000] {logging_mixin.py:188} INFO - [2026-09-26T11:14:20.926+0000] {dagbag.py:538} INFO - Filling up the DagBag from /opt/airflow/dags/tiki_pipeline_dag.py
[2026-09-26T11:14:20.941+0000] {processor.py:840} INFO - DAG(s) 'tiki_end_to_end_pipeline' retrieved from /opt/airflow/dags/tiki_pipeline_dag.py
[2026-09-26T11:14:20.969+0000] {logging_mixin.py:188} INFO - [2026-09-26T11:14:20.968+0000] {dag.py:3036} INFO - Sync 1 DAGs
[2026-09-26T11:14:20.994+0000] {logging_mixin.py:188} INFO - [2026-09-26T11:14:20.994+0000] {dag.py:3823} INFO - Setting next_dagrun for tiki_end_to_end_pipeline to 2026-09-26 10:00:00+00:00, run_after=2026-09-27 10:00:00+00:00
[2026-09-26T11:14:21.017+0000] {processor.py:183} INFO - Processing /opt/airflow/dags/tiki_pipeline_dag.py took 0.097 seconds
[2026-09-26T11:14:51.171+0000] {processor.py:161} INFO - Started process (PID=444) to work on /opt/airflow/dags/tiki_pipeline_dag.py
[2026-09-26T11:14:51.172+0000] {processor.py:830} INFO - Processing file /opt/airflow/dags/tiki_pipeline_dag.py for tasks to queue
[2026-09-26T11:14:51.173+0000] {logging_mixin.py:188} INFO - [2026-09-26T11:14:51.173+0000] {dagbag.py:538} INFO - Filling up the DagBag from /opt/airflow/dags/tiki_pipeline_dag.py
[2026-09-26T11:14:51.192+0000] {processor.py:840} INFO - DAG(s) 'tiki_end_to_end_pipeline' retrieved from /opt/airflow/dags/tiki_pipeline_dag.py
[2026-09-26T11:14:51.231+0000] {logging_mixin.py:188} INFO - [2026-09-26T11:14:51.230+0000] {dag.py:3036} INFO - Sync 1 DAGs
[2026-09-26T11:14:51.272+0000] {logging_mixin.py:188} INFO - [2026-09-26T11:14:51.271+0000] {dag.py:3823} INFO - Setting next_dagrun for tiki_end_to_end_pipeline to 2026-09-26 10:00:00+00:00, run_after=2026-09-27 10:00:00+00:00
[2026-09-26T11:14:51.296+0000] {processor.py:183} INFO - Processing /opt/airflow/dags/tiki_pipeline_dag.py took 0.130 seconds
[2026-09-26T11:15:21.503+0000] {processor.py:161} INFO - Started process (PID=449) to work on /opt/airflow/dags/tiki_pipeline_dag.py
[2026-09-26T11:15:21.504+0000] {processor.py:830} INFO - Processing file /opt/airflow/dags/tiki_pipeline_dag.py for tasks to queue
[2026-09-26T11:15:21.506+0000] {logging_mixin.py:188} INFO - [2026-09-26T11:15:21.505+0000] {dagbag.py:538} INFO - Filling up the DagBag from /opt/airflow/dags/tiki_pipeline_dag.py
[2026-09-26T11:15:21.528+0000] {processor.py:840} INFO - DAG(s) 'tiki_end_to_end_pipeline' retrieved from /opt/airflow/dags/tiki_pipeline_dag.py
[2026-09-26T11:15:21.566+0000] {logging_mixin.py:188} INFO - [2026-09-26T11:15:21.566+0000] {dag.py:3036} INFO - Sync 1 DAGs
[2026-09-26T11:15:21.597+0000] {logging_mixin.py:188} INFO - [2026-09-26T11:15:21.596+0000] {dag.py:3823} INFO - Setting next_dagrun for tiki_end_to_end_pipeline to 2026-09-26 10:00:00+00:00, run_after=2026-09-27 10:00:00+00:00
[2026-09-26T11:15:21.628+0000] {processor.py:183} INFO - Processing /opt/airflow/dags/tiki_pipeline_dag.py took 0.130 seconds
[2026-09-26T11:15:51.800+0000] {processor.py:161} INFO - Started process (PID=454) to work on /opt/airflow/dags/tiki_pipeline_dag.py
[2026-09-26T11:15:51.801+0000] {processor.py:830} INFO - Processing file /opt/airflow/dags/tiki_pipeline_dag.py for tasks to queue
[2026-09-26T11:15:51.802+0000] {logging_mixin.py:188} INFO - [2026-09-26T11:15:51.802+0000] {dagbag.py:538} INFO - Filling up the DagBag from /opt/airflow/dags/tiki_pipeline_dag.py
[2026-09-26T11:15:51.817+0000] {processor.py:840} INFO - DAG(s) 'tiki_end_to_end_pipeline' retrieved from /opt/airflow/dags/tiki_pipeline_dag.py
[2026-09-26T11:15:51.845+0000] {logging_mixin.py:188} INFO - [2026-09-26T11:15:51.844+0000] {dag.py:3036} INFO - Sync 1 DAGs
[2026-09-26T11:15:51.877+0000] {logging_mixin.py:188} INFO - [2026-09-26T11:15:51.877+0000] {dag.py:3823} INFO - Setting next_dagrun for tiki_end_to_end_pipeline to 2026-09-26 10:00:00+00:00, run_after=2026-09-27 10:00:00+00:00
[2026-09-26T11:15:51.897+0000] {processor.py:183} INFO - Processing /opt/airflow/dags/tiki_pipeline_dag.py took 0.102 seconds
[2026-09-26T11:16:22.165+0000] {processor.py:161} INFO - Started process (PID=459) to work on /opt/airflow/dags/tiki_pipeline_dag.py
[2026-09-26T11:16:22.166+0000] {processor.py:830} INFO - Processing file /opt/airflow/dags/tiki_pipeline_dag.py for tasks to queue
[2026-09-26T11:16:22.168+0000] {logging_mixin.py:188} INFO - [2026-09-26T11:16:22.167+0000] {dagbag.py:538} INFO - Filling up the DagBag from /opt/airflow/dags/tiki_pipeline_dag.py
[2026-09-26T11:16:22.183+0000] {processor.py:840} INFO - DAG(s) 'tiki_end_to_end_pipeline' retrieved from /opt/airflow/dags/tiki_pipeline_dag.py
[2026-09-26T11:16:22.215+0000] {logging_mixin.py:188} INFO - [2026-09-26T11:16:22.215+0000] {dag.py:3036} INFO - Sync 1 DAGs
[2026-09-26T11:16:22.236+0000] {logging_mixin.py:188} INFO - [2026-09-26T11:16:22.236+0000] {dag.py:3823} INFO - Setting next_dagrun for tiki_end_to_end_pipeline to 2026-09-26 10:00:00+00:00, run_after=2026-09-27 10:00:00+00:00
[2026-09-26T11:16:22.260+0000] {processor.py:183} INFO - Processing /opt/airflow/dags/tiki_pipeline_dag.py took 0.100 seconds
[2026-09-26T11:16:52.439+0000] {processor.py:161} INFO - Started process (PID=464) to work on /opt/airflow/dags/tiki_pipeline_dag.py
[2026-09-26T11:16:52.440+0000] {processor.py:830} INFO - Processing file /opt/airflow/dags/tiki_pipeline_dag.py for tasks to queue
[2026-09-26T11:16:52.441+0000] {logging_mixin.py:188} INFO - [2026-09-26T11:16:52.441+0000] {dagbag.py:538} INFO - Filling up the DagBag from /opt/airflow/dags/tiki_pipeline_dag.py
[2026-09-26T11:16:52.459+0000] {processor.py:840} INFO - DAG(s) 'tiki_end_to_end_pipeline' retrieved from /opt/airflow/dags/tiki_pipeline_dag.py
[2026-09-26T11:16:52.489+0000] {logging_mixin.py:188} INFO - [2026-09-26T11:16:52.489+0000] {dag.py:3036} INFO - Sync 1 DAGs
[2026-09-26T11:16:52.516+0000] {logging_mixin.py:188} INFO - [2026-09-26T11:16:52.516+0000] {dag.py:3823} INFO - Setting next_dagrun for tiki_end_to_end_pipeline to 2026-09-26 10:00:00+00:00, run_after=2026-09-27 10:00:00+00:00
[2026-09-26T11:16:52.542+0000] {processor.py:183} INFO - Processing /opt/airflow/dags/tiki_pipeline_dag.py took 0.108 seconds
[2026-09-26T11:17:22.771+0000] {processor.py:161} INFO - Started process (PID=469) to work on /opt/airflow/dags/tiki_pipeline_dag.py
[2026-09-26T11:17:22.773+0000] {processor.py:830} INFO - Processing file /opt/airflow/dags/tiki_pipeline_dag.py for tasks to queue
[2026-09-26T11:17:22.775+0000] {logging_mixin.py:188} INFO - [2026-09-26T11:17:22.774+0000] {dagbag.py:538} INFO - Filling up the DagBag from /opt/airflow/dags/tiki_pipeline_dag.py
[2026-09-26T11:17:22.790+0000] {processor.py:840} INFO - DAG(s) 'tiki_end_to_end_pipeline' retrieved from /opt/airflow/dags/tiki_pipeline_dag.py
[2026-09-26T11:17:22.827+0000] {logging_mixin.py:188} INFO - [2026-09-26T11:17:22.827+0000] {dag.py:3036} INFO - Sync 1 DAGs
[2026-09-26T11:17:22.859+0000] {logging_mixin.py:188} INFO - [2026-09-26T11:17:22.858+0000] {dag.py:3823} INFO - Setting next_dagrun for tiki_end_to_end_pipeline to 2026-09-26 10:00:00+00:00, run_after=2026-09-27 10:00:00+00:00
[2026-09-26T11:17:22.884+0000] {processor.py:183} INFO - Processing /opt/airflow/dags/tiki_pipeline_dag.py took 0.118 seconds
[2026-09-26T11:17:53.083+0000] {processor.py:161} INFO - Started process (PID=474) to work on /opt/airflow/dags/tiki_pipeline_dag.py
[2026-09-26T11:17:53.084+0000] {processor.py:830} INFO - Processing file /opt/airflow/dags/tiki_pipeline_dag.py for tasks to queue
[2026-09-26T11:17:53.086+0000] {logging_mixin.py:188} INFO - [2026-09-26T11:17:53.085+0000] {dagbag.py:538} INFO - Filling up the DagBag from /opt/airflow/dags/tiki_pipeline_dag.py
[2026-09-26T11:17:53.103+0000] {processor.py:840} INFO - DAG(s) 'tiki_end_to_end_pipeline' retrieved from /opt/airflow/dags/tiki_pipeline_dag.py
[2026-09-26T11:17:53.133+0000] {logging_mixin.py:188} INFO - [2026-09-26T11:17:53.133+0000] {dag.py:3036} INFO - Sync 1 DAGs
[2026-09-26T11:17:53.153+0000] {logging_mixin.py:188} INFO - [2026-09-26T11:17:53.153+0000] {dag.py:3823} INFO - Setting next_dagrun for tiki_end_to_end_pipeline to 2026-09-26 10:00:00+00:00, run_after=2026-09-27 10:00:00+00:00
[2026-09-26T11:17:53.172+0000] {processor.py:183} INFO - Processing /opt/airflow/dags/tiki_pipeline_dag.py took 0.094 seconds
[2026-09-26T11:18:23.478+0000] {processor.py:161} INFO - Started process (PID=479) to work on /opt/airflow/dags/tiki_pipeline_dag.py
[2026-09-26T11:18:23.479+0000] {processor.py:830} INFO - Processing file /opt/airflow/dags/tiki_pipeline_dag.py for tasks to queue
[2026-09-26T11:18:23.480+0000] {logging_mixin.py:188} INFO - [2026-09-26T11:18:23.480+0000] {dagbag.py:538} INFO - Filling up the DagBag from /opt/airflow/dags/tiki_pipeline_dag.py
[2026-09-26T11:18:23.496+0000] {processor.py:840} INFO - DAG(s) 'tiki_end_to_end_pipeline' retrieved from /opt/airflow/dags/tiki_pipeline_dag.py
[2026-09-26T11:18:23.530+0000] {logging_mixin.py:188} INFO - [2026-09-26T11:18:23.530+0000] {dag.py:3036} INFO - Sync 1 DAGs
[2026-09-26T11:18:23.555+0000] {logging_mixin.py:188} INFO - [2026-09-26T11:18:23.555+0000] {dag.py:3823} INFO - Setting next_dagrun for tiki_end_to_end_pipeline to 2026-09-26 10:00:00+00:00, run_after=2026-09-27 10:00:00+00:00
[2026-09-26T11:18:23.581+0000] {processor.py:183} INFO - Processing /opt/airflow/dags/tiki_pipeline_dag.py took 0.108 seconds
[2026-09-26T11:18:53.741+0000] {processor.py:161} INFO - Started process (PID=484) to work on /opt/airflow/dags/tiki_pipeline_dag.py
[2026-09-26T11:18:53.745+0000] {processor.py:830} INFO - Processing file /opt/airflow/dags/tiki_pipeline_dag.py for tasks to queue
[2026-09-26T11:18:53.752+0000] {logging_mixin.py:188} INFO - [2026-09-26T11:18:53.751+0000] {dagbag.py:538} INFO - Filling up the DagBag from /opt/airflow/dags/tiki_pipeline_dag.py
[2026-09-26T11:18:53.788+0000] {processor.py:840} INFO - DAG(s) 'tiki_end_to_end_pipeline' retrieved from /opt/airflow/dags/tiki_pipeline_dag.py
[2026-09-26T11:18:53.835+0000] {logging_mixin.py:188} INFO - [2026-09-26T11:18:53.835+0000] {dag.py:3036} INFO - Sync 1 DAGs
[2026-09-26T11:18:53.867+0000] {logging_mixin.py:188} INFO - [2026-09-26T11:18:53.866+0000] {dag.py:3823} INFO - Setting next_dagrun for tiki_end_to_end_pipeline to 2026-09-26 10:00:00+00:00, run_after=2026-09-27 10:00:00+00:00
[2026-09-26T11:18:53.889+0000] {processor.py:183} INFO - Processing /opt/airflow/dags/tiki_pipeline_dag.py took 0.163 seconds
[2026-09-26T11:19:24.111+0000] {processor.py:161} INFO - Started process (PID=489) to work on /opt/airflow/dags/tiki_pipeline_dag.py
[2026-09-26T11:19:24.112+0000] {processor.py:830} INFO - Processing file /opt/airflow/dags/tiki_pipeline_dag.py for tasks to queue
[2026-09-26T11:19:24.113+0000] {logging_mixin.py:188} INFO - [2026-09-26T11:19:24.112+0000] {dagbag.py:538} INFO - Filling up the DagBag from /opt/airflow/dags/tiki_pipeline_dag.py
[2026-09-26T11:19:24.127+0000] {processor.py:840} INFO - DAG(s) 'tiki_end_to_end_pipeline' retrieved from /opt/airflow/dags/tiki_pipeline_dag.py
[2026-09-26T11:19:24.153+0000] {logging_mixin.py:188} INFO - [2026-09-26T11:19:24.153+0000] {dag.py:3036} INFO - Sync 1 DAGs
[2026-09-26T11:19:24.174+0000] {logging_mixin.py:188} INFO - [2026-09-26T11:19:24.174+0000] {dag.py:3823} INFO - Setting next_dagrun for tiki_end_to_end_pipeline to 2026-09-26 10:00:00+00:00, run_after=2026-09-27 10:00:00+00:00
[2026-09-26T11:19:24.195+0000] {processor.py:183} INFO - Processing /opt/airflow/dags/tiki_pipeline_dag.py took 0.088 seconds
[2026-09-26T11:19:54.378+0000] {processor.py:161} INFO - Started process (PID=494) to work on /opt/airflow/dags/tiki_pipeline_dag.py
[2026-09-26T11:19:54.379+0000] {processor.py:830} INFO - Processing file /opt/airflow/dags/tiki_pipeline_dag.py for tasks to queue
[2026-09-26T11:19:54.380+0000] {logging_mixin.py:188} INFO - [2026-09-26T11:19:54.380+0000] {dagbag.py:538} INFO - Filling up the DagBag from /opt/airflow/dags/tiki_pipeline_dag.py
[2026-09-26T11:19:54.395+0000] {processor.py:840} INFO - DAG(s) 'tiki_end_to_end_pipeline' retrieved from /opt/airflow/dags/tiki_pipeline_dag.py
[2026-09-26T11:19:54.429+0000] {logging_mixin.py:188} INFO - [2026-09-26T11:19:54.429+0000] {dag.py:3036} INFO - Sync 1 DAGs
[2026-09-26T11:19:54.455+0000] {logging_mixin.py:188} INFO - [2026-09-26T11:19:54.455+0000] {dag.py:3823} INFO - Setting next_dagrun for tiki_end_to_end_pipeline to 2026-09-26 10:00:00+00:00, run_after=2026-09-27 10:00:00+00:00
[2026-09-26T11:19:54.482+0000] {processor.py:183} INFO - Processing /opt/airflow/dags/tiki_pipeline_dag.py took 0.108 seconds
[2026-09-26T11:20:24.704+0000] {processor.py:161} INFO - Started process (PID=499) to work on /opt/airflow/dags/tiki_pipeline_dag.py
[2026-09-26T11:20:24.705+0000] {processor.py:830} INFO - Processing file /opt/airflow/dags/tiki_pipeline_dag.py for tasks to queue
[2026-09-26T11:20:24.708+0000] {logging_mixin.py:188} INFO - [2026-09-26T11:20:24.707+0000] {dagbag.py:538} INFO - Filling up the DagBag from /opt/airflow/dags/tiki_pipeline_dag.py
[2026-09-26T11:20:24.724+0000] {processor.py:840} INFO - DAG(s) 'tiki_end_to_end_pipeline' retrieved from /opt/airflow/dags/tiki_pipeline_dag.py
[2026-09-26T11:20:24.752+0000] {logging_mixin.py:188} INFO - [2026-09-26T11:20:24.752+0000] {dag.py:3036} INFO - Sync 1 DAGs
[2026-09-26T11:20:24.778+0000] {logging_mixin.py:188} INFO - [2026-09-26T11:20:24.778+0000] {dag.py:3823} INFO - Setting next_dagrun for tiki_end_to_end_pipeline to 2026-09-26 10:00:00+00:00, run_after=2026-09-27 10:00:00+00:00
[2026-09-26T11:20:24.801+0000] {processor.py:183} INFO - Processing /opt/airflow/dags/tiki_pipeline_dag.py took 0.100 seconds
[2026-09-26T11:20:54.987+0000] {processor.py:161} INFO - Started process (PID=504) to work on /opt/airflow/dags/tiki_pipeline_dag.py
[2026-09-26T11:20:54.988+0000] {processor.py:830} INFO - Processing file /opt/airflow/dags/tiki_pipeline_dag.py for tasks to queue
[2026-09-26T11:20:54.989+0000] {logging_mixin.py:188} INFO - [2026-09-26T11:20:54.988+0000] {dagbag.py:538} INFO - Filling up the DagBag from /opt/airflow/dags/tiki_pipeline_dag.py
[2026-09-26T11:20:55.006+0000] {processor.py:840} INFO - DAG(s) 'tiki_end_to_end_pipeline' retrieved from /opt/airflow/dags/tiki_pipeline_dag.py
[2026-09-26T11:20:55.037+0000] {logging_mixin.py:188} INFO - [2026-09-26T11:20:55.036+0000] {dag.py:3036} INFO - Sync 1 DAGs
[2026-09-26T11:20:55.057+0000] {logging_mixin.py:188} INFO - [2026-09-26T11:20:55.057+0000] {dag.py:3823} INFO - Setting next_dagrun for tiki_end_to_end_pipeline to 2026-09-26 10:00:00+00:00, run_after=2026-09-27 10:00:00+00:00
[2026-09-26T11:20:55.077+0000] {processor.py:183} INFO - Processing /opt/airflow/dags/tiki_pipeline_dag.py took 0.096 seconds
[2026-09-26T11:21:25.256+0000] {processor.py:161} INFO - Started process (PID=509) to work on /opt/airflow/dags/tiki_pipeline_dag.py
[2026-09-26T11:21:25.257+0000] {processor.py:830} INFO - Processing file /opt/airflow/dags/tiki_pipeline_dag.py for tasks to queue
[2026-09-26T11:21:25.259+0000] {logging_mixin.py:188} INFO - [2026-09-26T11:21:25.258+0000] {dagbag.py:538} INFO - Filling up the DagBag from /opt/airflow/dags/tiki_pipeline_dag.py
[2026-09-26T11:21:25.274+0000] {processor.py:840} INFO - DAG(s) 'tiki_end_to_end_pipeline' retrieved from /opt/airflow/dags/tiki_pipeline_dag.py
[2026-09-26T11:21:25.303+0000] {logging_mixin.py:188} INFO - [2026-09-26T11:21:25.302+0000] {dag.py:3036} INFO - Sync 1 DAGs
[2026-09-26T11:21:25.324+0000] {logging_mixin.py:188} INFO - [2026-09-26T11:21:25.324+0000] {dag.py:3823} INFO - Setting next_dagrun for tiki_end_to_end_pipeline to 2026-09-26 10:00:00+00:00, run_after=2026-09-27 10:00:00+00:00
[2026-09-26T11:21:25.346+0000] {processor.py:183} INFO - Processing /opt/airflow/dags/tiki_pipeline_dag.py took 0.096 seconds
[2026-09-26T11:21:55.578+0000] {processor.py:161} INFO - Started process (PID=514) to work on /opt/airflow/dags/tiki_pipeline_dag.py
[2026-09-26T11:21:55.578+0000] {processor.py:830} INFO - Processing file /opt/airflow/dags/tiki_pipeline_dag.py for tasks to queue
[2026-09-26T11:21:55.579+0000] {logging_mixin.py:188} INFO - [2026-09-26T11:21:55.579+0000] {dagbag.py:538} INFO - Filling up the DagBag from /opt/airflow/dags/tiki_pipeline_dag.py
[2026-09-26T11:21:55.594+0000] {processor.py:840} INFO - DAG(s) 'tiki_end_to_end_pipeline' retrieved from /opt/airflow/dags/tiki_pipeline_dag.py
[2026-09-26T11:21:55.621+0000] {logging_mixin.py:188} INFO - [2026-09-26T11:21:55.621+0000] {dag.py:3036} INFO - Sync 1 DAGs
[2026-09-26T11:21:55.645+0000] {logging_mixin.py:188} INFO - [2026-09-26T11:21:55.645+0000] {dag.py:3823} INFO - Setting next_dagrun for tiki_end_to_end_pipeline to 2026-09-26 10:00:00+00:00, run_after=2026-09-27 10:00:00+00:00
[2026-09-26T11:21:55.669+0000] {processor.py:183} INFO - Processing /opt/airflow/dags/tiki_pipeline_dag.py took 0.094 seconds
[2026-09-26T11:22:25.942+0000] {processor.py:161} INFO - Started process (PID=519) to work on /opt/airflow/dags/tiki_pipeline_dag.py
[2026-09-26T11:22:25.943+0000] {processor.py:830} INFO - Processing file /opt/airflow/dags/tiki_pipeline_dag.py for tasks to queue
[2026-09-26T11:22:25.945+0000] {logging_mixin.py:188} INFO - [2026-09-26T11:22:25.944+0000] {dagbag.py:538} INFO - Filling up the DagBag from /opt/airflow/dags/tiki_pipeline_dag.py
[2026-09-26T11:22:25.963+0000] {processor.py:840} INFO - DAG(s) 'tiki_end_to_end_pipeline' retrieved from /opt/airflow/dags/tiki_pipeline_dag.py
[2026-09-26T11:22:25.993+0000] {logging_mixin.py:188} INFO - [2026-09-26T11:22:25.993+0000] {dag.py:3036} INFO - Sync 1 DAGs
[2026-09-26T11:22:26.014+0000] {logging_mixin.py:188} INFO - [2026-09-26T11:22:26.014+0000] {dag.py:3823} INFO - Setting next_dagrun for tiki_end_to_end_pipeline to 2026-09-26 10:00:00+00:00, run_after=2026-09-27 10:00:00+00:00
[2026-09-26T11:22:26.036+0000] {processor.py:183} INFO - Processing /opt/airflow/dags/tiki_pipeline_dag.py took 0.097 seconds
[2026-09-26T11:22:56.265+0000] {processor.py:161} INFO - Started process (PID=524) to work on /opt/airflow/dags/tiki_pipeline_dag.py
[2026-09-26T11:22:56.266+0000] {processor.py:830} INFO - Processing file /opt/airflow/dags/tiki_pipeline_dag.py for tasks to queue
[2026-09-26T11:22:56.268+0000] {logging_mixin.py:188} INFO - [2026-09-26T11:22:56.267+0000] {dagbag.py:538} INFO - Filling up the DagBag from /opt/airflow/dags/tiki_pipeline_dag.py
[2026-09-26T11:22:56.283+0000] {processor.py:840} INFO - DAG(s) 'tiki_end_to_end_pipeline' retrieved from /opt/airflow/dags/tiki_pipeline_dag.py
[2026-09-26T11:22:56.311+0000] {logging_mixin.py:188} INFO - [2026-09-26T11:22:56.310+0000] {dag.py:3036} INFO - Sync 1 DAGs
[2026-09-26T11:22:56.333+0000] {logging_mixin.py:188} INFO - [2026-09-26T11:22:56.333+0000] {dag.py:3823} INFO - Setting next_dagrun for tiki_end_to_end_pipeline to 2026-09-26 10:00:00+00:00, run_after=2026-09-27 10:00:00+00:00
[2026-09-26T11:22:56.352+0000] {processor.py:183} INFO - Processing /opt/airflow/dags/tiki_pipeline_dag.py took 0.091 seconds
[2026-09-26T11:23:26.538+0000] {processor.py:161} INFO - Started process (PID=529) to work on /opt/airflow/dags/tiki_pipeline_dag.py
[2026-09-26T11:23:26.539+0000] {processor.py:830} INFO - Processing file /opt/airflow/dags/tiki_pipeline_dag.py for tasks to queue
[2026-09-26T11:23:26.540+0000] {logging_mixin.py:188} INFO - [2026-09-26T11:23:26.540+0000] {dagbag.py:538} INFO - Filling up the DagBag from /opt/airflow/dags/tiki_pipeline_dag.py
[2026-09-26T11:23:26.558+0000] {processor.py:840} INFO - DAG(s) 'tiki_end_to_end_pipeline' retrieved from /opt/airflow/dags/tiki_pipeline_dag.py
[2026-09-26T11:23:26.585+0000] {logging_mixin.py:188} INFO - [2026-09-26T11:23:26.584+0000] {dag.py:3036} INFO - Sync 1 DAGs
[2026-09-26T11:23:26.606+0000] {logging_mixin.py:188} INFO - [2026-09-26T11:23:26.605+0000] {dag.py:3823} INFO - Setting next_dagrun for tiki_end_to_end_pipeline to 2026-09-26 10:00:00+00:00, run_after=2026-09-27 10:00:00+00:00
[2026-09-26T11:23:26.624+0000] {processor.py:183} INFO - Processing /opt/airflow/dags/tiki_pipeline_dag.py took 0.090 seconds
[2026-09-26T11:23:56.908+0000] {processor.py:161} INFO - Started process (PID=534) to work on /opt/airflow/dags/tiki_pipeline_dag.py
[2026-09-26T11:23:56.909+0000] {processor.py:830} INFO - Processing file /opt/airflow/dags/tiki_pipeline_dag.py for tasks to queue
[2026-09-26T11:23:56.911+0000] {logging_mixin.py:188} INFO - [2026-09-26T11:23:56.910+0000] {dagbag.py:538} INFO - Filling up the DagBag from /opt/airflow/dags/tiki_pipeline_dag.py
[2026-09-26T11:23:56.926+0000] {processor.py:840} INFO - DAG(s) 'tiki_end_to_end_pipeline' retrieved from /opt/airflow/dags/tiki_pipeline_dag.py
[2026-09-26T11:23:56.952+0000] {logging_mixin.py:188} INFO - [2026-09-26T11:23:56.952+0000] {dag.py:3036} INFO - Sync 1 DAGs
[2026-09-26T11:23:56.975+0000] {logging_mixin.py:188} INFO - [2026-09-26T11:23:56.975+0000] {dag.py:3823} INFO - Setting next_dagrun for tiki_end_to_end_pipeline to 2026-09-26 10:00:00+00:00, run_after=2026-09-27 10:00:00+00:00
[2026-09-26T11:23:57.003+0000] {processor.py:183} INFO - Processing /opt/airflow/dags/tiki_pipeline_dag.py took 0.100 seconds
[2026-09-26T11:24:27.245+0000] {processor.py:161} INFO - Started process (PID=539) to work on /opt/airflow/dags/tiki_pipeline_dag.py
[2026-09-26T11:24:27.246+0000] {processor.py:830} INFO - Processing file /opt/airflow/dags/tiki_pipeline_dag.py for tasks to queue
[2026-09-26T11:24:27.247+0000] {logging_mixin.py:188} INFO - [2026-09-26T11:24:27.247+0000] {dagbag.py:538} INFO - Filling up the DagBag from /opt/airflow/dags/tiki_pipeline_dag.py
[2026-09-26T11:24:27.266+0000] {processor.py:840} INFO - DAG(s) 'tiki_end_to_end_pipeline' retrieved from /opt/airflow/dags/tiki_pipeline_dag.py
[2026-09-26T11:24:27.292+0000] {logging_mixin.py:188} INFO - [2026-09-26T11:24:27.292+0000] {dag.py:3036} INFO - Sync 1 DAGs
[2026-09-26T11:24:27.312+0000] {logging_mixin.py:188} INFO - [2026-09-26T11:24:27.312+0000] {dag.py:3823} INFO - Setting next_dagrun for tiki_end_to_end_pipeline to 2026-09-26 10:00:00+00:00, run_after=2026-09-27 10:00:00+00:00
[2026-09-26T11:24:27.332+0000] {processor.py:183} INFO - Processing /opt/airflow/dags/tiki_pipeline_dag.py took 0.092 seconds
[2026-09-26T11:24:57.524+0000] {processor.py:161} INFO - Started process (PID=544) to work on /opt/airflow/dags/tiki_pipeline_dag.py
[2026-09-26T11:24:57.525+0000] {processor.py:830} INFO - Processing file /opt/airflow/dags/tiki_pipeline_dag.py for tasks to queue
[2026-09-26T11:24:57.527+0000] {logging_mixin.py:188} INFO - [2026-09-26T11:24:57.526+0000] {dagbag.py:538} INFO - Filling up the DagBag from /opt/airflow/dags/tiki_pipeline_dag.py
[2026-09-26T11:24:57.543+0000] {processor.py:840} INFO - DAG(s) 'tiki_end_to_end_pipeline' retrieved from /opt/airflow/dags/tiki_pipeline_dag.py
[2026-09-26T11:24:57.578+0000] {logging_mixin.py:188} INFO - [2026-09-26T11:24:57.578+0000] {dag.py:3036} INFO - Sync 1 DAGs
[2026-09-26T11:24:57.598+0000] {logging_mixin.py:188} INFO - [2026-09-26T11:24:57.598+0000] {dag.py:3823} INFO - Setting next_dagrun for tiki_end_to_end_pipeline to 2026-09-26 10:00:00+00:00, run_after=2026-09-27 10:00:00+00:00
[2026-09-26T11:24:57.620+0000] {processor.py:183} INFO - Processing /opt/airflow/dags/tiki_pipeline_dag.py took 0.100 seconds
[2026-09-26T11:25:27.895+0000] {processor.py:161} INFO - Started process (PID=549) to work on /opt/airflow/dags/tiki_pipeline_dag.py
[2026-09-26T11:25:27.896+0000] {processor.py:830} INFO - Processing file /opt/airflow/dags/tiki_pipeline_dag.py for tasks to queue
[2026-09-26T11:25:27.897+0000] {logging_mixin.py:188} INFO - [2026-09-26T11:25:27.897+0000] {dagbag.py:538} INFO - Filling up the DagBag from /opt/airflow/dags/tiki_pipeline_dag.py
[2026-09-26T11:25:27.912+0000] {processor.py:840} INFO - DAG(s) 'tiki_end_to_end_pipeline' retrieved from /opt/airflow/dags/tiki_pipeline_dag.py
[2026-09-26T11:25:27.938+0000] {logging_mixin.py:188} INFO - [2026-09-26T11:25:27.938+0000] {dag.py:3036} INFO - Sync 1 DAGs
[2026-09-26T11:25:27.959+0000] {logging_mixin.py:188} INFO - [2026-09-26T11:25:27.958+0000] {dag.py:3823} INFO - Setting next_dagrun for tiki_end_to_end_pipeline to 2026-09-26 10:00:00+00:00, run_after=2026-09-27 10:00:00+00:00
[2026-09-26T11:25:27.984+0000] {processor.py:183} INFO - Processing /opt/airflow/dags/tiki_pipeline_dag.py took 0.093 seconds
[2026-09-26T11:25:58.189+0000] {processor.py:161} INFO - Started process (PID=554) to work on /opt/airflow/dags/tiki_pipeline_dag.py
[2026-09-26T11:25:58.190+0000] {processor.py:830} INFO - Processing file /opt/airflow/dags/tiki_pipeline_dag.py for tasks to queue
[2026-09-26T11:25:58.191+0000] {logging_mixin.py:188} INFO - [2026-09-26T11:25:58.191+0000] {dagbag.py:538} INFO - Filling up the DagBag from /opt/airflow/dags/tiki_pipeline_dag.py
[2026-09-26T11:25:58.208+0000] {processor.py:840} INFO - DAG(s) 'tiki_end_to_end_pipeline' retrieved from /opt/airflow/dags/tiki_pipeline_dag.py
[2026-09-26T11:25:58.254+0000] {logging_mixin.py:188} INFO - [2026-09-26T11:25:58.254+0000] {dag.py:3036} INFO - Sync 1 DAGs
[2026-09-26T11:25:58.285+0000] {logging_mixin.py:188} INFO - [2026-09-26T11:25:58.285+0000] {dag.py:3823} INFO - Setting next_dagrun for tiki_end_to_end_pipeline to 2026-09-26 10:00:00+00:00, run_after=2026-09-27 10:00:00+00:00
[2026-09-26T11:25:58.309+0000] {processor.py:183} INFO - Processing /opt/airflow/dags/tiki_pipeline_dag.py took 0.124 seconds
[2026-09-26T11:26:28.498+0000] {processor.py:161} INFO - Started process (PID=559) to work on /opt/airflow/dags/tiki_pipeline_dag.py
[2026-09-26T11:26:28.499+0000] {processor.py:830} INFO - Processing file /opt/airflow/dags/tiki_pipeline_dag.py for tasks to queue
[2026-09-26T11:26:28.501+0000] {logging_mixin.py:188} INFO - [2026-09-26T11:26:28.500+0000] {dagbag.py:538} INFO - Filling up the DagBag from /opt/airflow/dags/tiki_pipeline_dag.py
[2026-09-26T11:26:28.521+0000] {processor.py:840} INFO - DAG(s) 'tiki_end_to_end_pipeline' retrieved from /opt/airflow/dags/tiki_pipeline_dag.py
[2026-09-26T11:26:28.561+0000] {logging_mixin.py:188} INFO - [2026-09-26T11:26:28.561+0000] {dag.py:3036} INFO - Sync 1 DAGs
[2026-09-26T11:26:28.591+0000] {logging_mixin.py:188} INFO - [2026-09-26T11:26:28.591+0000] {dag.py:3823} INFO - Setting next_dagrun for tiki_end_to_end_pipeline to 2026-09-26 10:00:00+00:00, run_after=2026-09-27 10:00:00+00:00
[2026-09-26T11:26:28.623+0000] {processor.py:183} INFO - Processing /opt/airflow/dags/tiki_pipeline_dag.py took 0.132 seconds
[2026-09-26T11:26:58.745+0000] {processor.py:161} INFO - Started process (PID=564) to work on /opt/airflow/dags/tiki_pipeline_dag.py
[2026-09-26T11:26:58.746+0000] {processor.py:830} INFO - Processing file /opt/airflow/dags/tiki_pipeline_dag.py for tasks to queue
[2026-09-26T11:26:58.748+0000] {logging_mixin.py:188} INFO - [2026-09-26T11:26:58.747+0000] {dagbag.py:538} INFO - Filling up the DagBag from /opt/airflow/dags/tiki_pipeline_dag.py
[2026-09-26T11:26:58.768+0000] {processor.py:840} INFO - DAG(s) 'tiki_end_to_end_pipeline' retrieved from /opt/airflow/dags/tiki_pipeline_dag.py
[2026-09-26T11:26:58.806+0000] {logging_mixin.py:188} INFO - [2026-09-26T11:26:58.806+0000] {dag.py:3036} INFO - Sync 1 DAGs
[2026-09-26T11:26:58.837+0000] {logging_mixin.py:188} INFO - [2026-09-26T11:26:58.837+0000] {dag.py:3823} INFO - Setting next_dagrun for tiki_end_to_end_pipeline to 2026-09-26 10:00:00+00:00, run_after=2026-09-27 10:00:00+00:00
[2026-09-26T11:26:58.870+0000] {processor.py:183} INFO - Processing /opt/airflow/dags/tiki_pipeline_dag.py took 0.130 seconds
[2026-09-26T11:27:29.232+0000] {processor.py:161} INFO - Started process (PID=569) to work on /opt/airflow/dags/tiki_pipeline_dag.py
[2026-09-26T11:27:29.233+0000] {processor.py:830} INFO - Processing file /opt/airflow/dags/tiki_pipeline_dag.py for tasks to queue
[2026-09-26T11:27:29.236+0000] {logging_mixin.py:188} INFO - [2026-09-26T11:27:29.235+0000] {dagbag.py:538} INFO - Filling up the DagBag from /opt/airflow/dags/tiki_pipeline_dag.py
[2026-09-26T11:27:29.253+0000] {processor.py:840} INFO - DAG(s) 'tiki_end_to_end_pipeline' retrieved from /opt/airflow/dags/tiki_pipeline_dag.py
[2026-09-26T11:27:29.284+0000] {logging_mixin.py:188} INFO - [2026-09-26T11:27:29.284+0000] {dag.py:3036} INFO - Sync 1 DAGs
[2026-09-26T11:27:29.305+0000] {logging_mixin.py:188} INFO - [2026-09-26T11:27:29.304+0000] {dag.py:3823} INFO - Setting next_dagrun for tiki_end_to_end_pipeline to 2026-09-26 10:00:00+00:00, run_after=2026-09-27 10:00:00+00:00
[2026-09-26T11:27:29.324+0000] {processor.py:183} INFO - Processing /opt/airflow/dags/tiki_pipeline_dag.py took 0.098 seconds
[2026-09-26T11:27:59.493+0000] {processor.py:161} INFO - Started process (PID=574) to work on /opt/airflow/dags/tiki_pipeline_dag.py
[2026-09-26T11:27:59.495+0000] {processor.py:830} INFO - Processing file /opt/airflow/dags/tiki_pipeline_dag.py for tasks to queue
[2026-09-26T11:27:59.496+0000] {logging_mixin.py:188} INFO - [2026-09-26T11:27:59.495+0000] {dagbag.py:538} INFO - Filling up the DagBag from /opt/airflow/dags/tiki_pipeline_dag.py
[2026-09-26T11:27:59.516+0000] {processor.py:840} INFO - DAG(s) 'tiki_end_to_end_pipeline' retrieved from /opt/airflow/dags/tiki_pipeline_dag.py
[2026-09-26T11:27:59.575+0000] {logging_mixin.py:188} INFO - [2026-09-26T11:27:59.574+0000] {dag.py:3036} INFO - Sync 1 DAGs
[2026-09-26T11:27:59.613+0000] {logging_mixin.py:188} INFO - [2026-09-26T11:27:59.612+0000] {dag.py:3823} INFO - Setting next_dagrun for tiki_end_to_end_pipeline to 2026-09-26 10:00:00+00:00, run_after=2026-09-27 10:00:00+00:00
[2026-09-26T11:27:59.638+0000] {processor.py:183} INFO - Processing /opt/airflow/dags/tiki_pipeline_dag.py took 0.148 seconds
[2026-09-26T11:28:29.795+0000] {processor.py:161} INFO - Started process (PID=579) to work on /opt/airflow/dags/tiki_pipeline_dag.py
[2026-09-26T11:28:29.796+0000] {processor.py:830} INFO - Processing file /opt/airflow/dags/tiki_pipeline_dag.py for tasks to queue
[2026-09-26T11:28:29.798+0000] {logging_mixin.py:188} INFO - [2026-09-26T11:28:29.797+0000] {dagbag.py:538} INFO - Filling up the DagBag from /opt/airflow/dags/tiki_pipeline_dag.py
[2026-09-26T11:28:29.821+0000] {processor.py:840} INFO - DAG(s) 'tiki_end_to_end_pipeline' retrieved from /opt/airflow/dags/tiki_pipeline_dag.py
[2026-09-26T11:28:29.857+0000] {logging_mixin.py:188} INFO - [2026-09-26T11:28:29.857+0000] {dag.py:3036} INFO - Sync 1 DAGs
[2026-09-26T11:28:29.883+0000] {logging_mixin.py:188} INFO - [2026-09-26T11:28:29.883+0000] {dag.py:3823} INFO - Setting next_dagrun for tiki_end_to_end_pipeline to 2026-09-26 10:00:00+00:00, run_after=2026-09-27 10:00:00+00:00
[2026-09-26T11:28:29.911+0000] {processor.py:183} INFO - Processing /opt/airflow/dags/tiki_pipeline_dag.py took 0.121 seconds
[2026-09-26T11:29:00.176+0000] {processor.py:161} INFO - Started process (PID=584) to work on /opt/airflow/dags/tiki_pipeline_dag.py
[2026-09-26T11:29:00.177+0000] {processor.py:830} INFO - Processing file /opt/airflow/dags/tiki_pipeline_dag.py for tasks to queue
[2026-09-26T11:29:00.178+0000] {logging_mixin.py:188} INFO - [2026-09-26T11:29:00.178+0000] {dagbag.py:538} INFO - Filling up the DagBag from /opt/airflow/dags/tiki_pipeline_dag.py
[2026-09-26T11:29:00.195+0000] {processor.py:840} INFO - DAG(s) 'tiki_end_to_end_pipeline' retrieved from /opt/airflow/dags/tiki_pipeline_dag.py
[2026-09-26T11:29:00.222+0000] {logging_mixin.py:188} INFO - [2026-09-26T11:29:00.222+0000] {dag.py:3036} INFO - Sync 1 DAGs
[2026-09-26T11:29:00.247+0000] {logging_mixin.py:188} INFO - [2026-09-26T11:29:00.246+0000] {dag.py:3823} INFO - Setting next_dagrun for tiki_end_to_end_pipeline to 2026-09-26 10:00:00+00:00, run_after=2026-09-27 10:00:00+00:00
[2026-09-26T11:29:00.271+0000] {processor.py:183} INFO - Processing /opt/airflow/dags/tiki_pipeline_dag.py took 0.100 seconds
[2026-09-26T11:29:30.515+0000] {processor.py:161} INFO - Started process (PID=589) to work on /opt/airflow/dags/tiki_pipeline_dag.py
[2026-09-26T11:29:30.516+0000] {processor.py:830} INFO - Processing file /opt/airflow/dags/tiki_pipeline_dag.py for tasks to queue
[2026-09-26T11:29:30.518+0000] {logging_mixin.py:188} INFO - [2026-09-26T11:29:30.518+0000] {dagbag.py:538} INFO - Filling up the DagBag from /opt/airflow/dags/tiki_pipeline_dag.py
[2026-09-26T11:29:30.539+0000] {processor.py:840} INFO - DAG(s) 'tiki_end_to_end_pipeline' retrieved from /opt/airflow/dags/tiki_pipeline_dag.py
[2026-09-26T11:29:30.581+0000] {logging_mixin.py:188} INFO - [2026-09-26T11:29:30.581+0000] {dag.py:3036} INFO - Sync 1 DAGs
[2026-09-26T11:29:30.610+0000] {logging_mixin.py:188} INFO - [2026-09-26T11:29:30.610+0000] {dag.py:3823} INFO - Setting next_dagrun for tiki_end_to_end_pipeline to 2026-09-26 10:00:00+00:00, run_after=2026-09-27 10:00:00+00:00
[2026-09-26T11:29:30.645+0000] {processor.py:183} INFO - Processing /opt/airflow/dags/tiki_pipeline_dag.py took 0.135 seconds
[2026-09-26T11:30:00.753+0000] {processor.py:161} INFO - Started process (PID=594) to work on /opt/airflow/dags/tiki_pipeline_dag.py
[2026-09-26T11:30:00.754+0000] {processor.py:830} INFO - Processing file /opt/airflow/dags/tiki_pipeline_dag.py for tasks to queue
[2026-09-26T11:30:00.756+0000] {logging_mixin.py:188} INFO - [2026-09-26T11:30:00.755+0000] {dagbag.py:538} INFO - Filling up the DagBag from /opt/airflow/dags/tiki_pipeline_dag.py
[2026-09-26T11:30:00.773+0000] {processor.py:840} INFO - DAG(s) 'tiki_end_to_end_pipeline' retrieved from /opt/airflow/dags/tiki_pipeline_dag.py
[2026-09-26T11:30:00.803+0000] {logging_mixin.py:188} INFO - [2026-09-26T11:30:00.802+0000] {dag.py:3036} INFO - Sync 1 DAGs
[2026-09-26T11:30:00.824+0000] {logging_mixin.py:188} INFO - [2026-09-26T11:30:00.824+0000] {dag.py:3823} INFO - Setting next_dagrun for tiki_end_to_end_pipeline to 2026-09-26 10:00:00+00:00, run_after=2026-09-27 10:00:00+00:00
[2026-09-26T11:30:00.843+0000] {processor.py:183} INFO - Processing /opt/airflow/dags/tiki_pipeline_dag.py took 0.094 seconds
[2026-09-26T11:30:31.000+0000] {processor.py:161} INFO - Started process (PID=599) to work on /opt/airflow/dags/tiki_pipeline_dag.py
[2026-09-26T11:30:31.001+0000] {processor.py:830} INFO - Processing file /opt/airflow/dags/tiki_pipeline_dag.py for tasks to queue
[2026-09-26T11:30:31.002+0000] {logging_mixin.py:188} INFO - [2026-09-26T11:30:31.002+0000] {dagbag.py:538} INFO - Filling up the DagBag from /opt/airflow/dags/tiki_pipeline_dag.py
[2026-09-26T11:30:31.017+0000] {processor.py:840} INFO - DAG(s) 'tiki_end_to_end_pipeline' retrieved from /opt/airflow/dags/tiki_pipeline_dag.py
[2026-09-26T11:30:31.047+0000] {logging_mixin.py:188} INFO - [2026-09-26T11:30:31.047+0000] {dag.py:3036} INFO - Sync 1 DAGs
[2026-09-26T11:30:31.073+0000] {logging_mixin.py:188} INFO - [2026-09-26T11:30:31.072+0000] {dag.py:3823} INFO - Setting next_dagrun for tiki_end_to_end_pipeline to 2026-09-26 10:00:00+00:00, run_after=2026-09-27 10:00:00+00:00
[2026-09-26T11:30:31.096+0000] {processor.py:183} INFO - Processing /opt/airflow/dags/tiki_pipeline_dag.py took 0.101 seconds
[2026-09-26T11:31:01.394+0000] {processor.py:161} INFO - Started process (PID=604) to work on /opt/airflow/dags/tiki_pipeline_dag.py
[2026-09-26T11:31:01.396+0000] {processor.py:830} INFO - Processing file /opt/airflow/dags/tiki_pipeline_dag.py for tasks to queue
[2026-09-26T11:31:01.399+0000] {logging_mixin.py:188} INFO - [2026-09-26T11:31:01.398+0000] {dagbag.py:538} INFO - Filling up the DagBag from /opt/airflow/dags/tiki_pipeline_dag.py
[2026-09-26T11:31:01.433+0000] {processor.py:840} INFO - DAG(s) 'tiki_end_to_end_pipeline' retrieved from /opt/airflow/dags/tiki_pipeline_dag.py
[2026-09-26T11:31:01.484+0000] {logging_mixin.py:188} INFO - [2026-09-26T11:31:01.484+0000] {dag.py:3036} INFO - Sync 1 DAGs
[2026-09-26T11:31:01.515+0000] {logging_mixin.py:188} INFO - [2026-09-26T11:31:01.515+0000] {dag.py:3823} INFO - Setting next_dagrun for tiki_end_to_end_pipeline to 2026-09-26 10:00:00+00:00, run_after=2026-09-27 10:00:00+00:00
[2026-09-26T11:31:01.538+0000] {processor.py:183} INFO - Processing /opt/airflow/dags/tiki_pipeline_dag.py took 0.153 seconds
[2026-09-26T11:31:31.610+0000] {processor.py:161} INFO - Started process (PID=609) to work on /opt/airflow/dags/tiki_pipeline_dag.py
[2026-09-26T11:31:31.612+0000] {processor.py:830} INFO - Processing file /opt/airflow/dags/tiki_pipeline_dag.py for tasks to queue
[2026-09-26T11:31:31.613+0000] {logging_mixin.py:188} INFO - [2026-09-26T11:31:31.612+0000] {dagbag.py:538} INFO - Filling up the DagBag from /opt/airflow/dags/tiki_pipeline_dag.py
[2026-09-26T11:31:31.628+0000] {processor.py:840} INFO - DAG(s) 'tiki_end_to_end_pipeline' retrieved from /opt/airflow/dags/tiki_pipeline_dag.py
[2026-09-26T11:31:31.660+0000] {logging_mixin.py:188} INFO - [2026-09-26T11:31:31.660+0000] {dag.py:3036} INFO - Sync 1 DAGs
[2026-09-26T11:31:31.687+0000] {logging_mixin.py:188} INFO - [2026-09-26T11:31:31.687+0000] {dag.py:3823} INFO - Setting next_dagrun for tiki_end_to_end_pipeline to 2026-09-26 10:00:00+00:00, run_after=2026-09-27 10:00:00+00:00
[2026-09-26T11:31:31.714+0000] {processor.py:183} INFO - Processing /opt/airflow/dags/tiki_pipeline_dag.py took 0.107 seconds
[2026-09-26T11:32:01.885+0000] {processor.py:161} INFO - Started process (PID=614) to work on /opt/airflow/dags/tiki_pipeline_dag.py
[2026-09-26T11:32:01.886+0000] {processor.py:830} INFO - Processing file /opt/airflow/dags/tiki_pipeline_dag.py for tasks to queue
[2026-09-26T11:32:01.887+0000] {logging_mixin.py:188} INFO - [2026-09-26T11:32:01.886+0000] {dagbag.py:538} INFO - Filling up the DagBag from /opt/airflow/dags/tiki_pipeline_dag.py
[2026-09-26T11:32:01.902+0000] {processor.py:840} INFO - DAG(s) 'tiki_end_to_end_pipeline' retrieved from /opt/airflow/dags/tiki_pipeline_dag.py
[2026-09-26T11:32:01.931+0000] {logging_mixin.py:188} INFO - [2026-09-26T11:32:01.930+0000] {dag.py:3036} INFO - Sync 1 DAGs
[2026-09-26T11:32:01.962+0000] {logging_mixin.py:188} INFO - [2026-09-26T11:32:01.962+0000] {dag.py:3823} INFO - Setting next_dagrun for tiki_end_to_end_pipeline to 2026-09-26 10:00:00+00:00, run_after=2026-09-27 10:00:00+00:00
[2026-09-26T11:32:01.988+0000] {processor.py:183} INFO - Processing /opt/airflow/dags/tiki_pipeline_dag.py took 0.108 seconds
[2026-09-26T11:32:32.305+0000] {processor.py:161} INFO - Started process (PID=619) to work on /opt/airflow/dags/tiki_pipeline_dag.py
[2026-09-26T11:32:32.306+0000] {processor.py:830} INFO - Processing file /opt/airflow/dags/tiki_pipeline_dag.py for tasks to queue
[2026-09-26T11:32:32.307+0000] {logging_mixin.py:188} INFO - [2026-09-26T11:32:32.307+0000] {dagbag.py:538} INFO - Filling up the DagBag from /opt/airflow/dags/tiki_pipeline_dag.py
[2026-09-26T11:32:32.324+0000] {processor.py:840} INFO - DAG(s) 'tiki_end_to_end_pipeline' retrieved from /opt/airflow/dags/tiki_pipeline_dag.py
[2026-09-26T11:32:32.356+0000] {logging_mixin.py:188} INFO - [2026-09-26T11:32:32.356+0000] {dag.py:3036} INFO - Sync 1 DAGs
[2026-09-26T11:32:32.388+0000] {logging_mixin.py:188} INFO - [2026-09-26T11:32:32.388+0000] {dag.py:3823} INFO - Setting next_dagrun for tiki_end_to_end_pipeline to 2026-09-26 10:00:00+00:00, run_after=2026-09-27 10:00:00+00:00
[2026-09-26T11:32:32.417+0000] {processor.py:183} INFO - Processing /opt/airflow/dags/tiki_pipeline_dag.py took 0.118 seconds
[2026-09-26T11:33:02.610+0000] {processor.py:161} INFO - Started process (PID=624) to work on /opt/airflow/dags/tiki_pipeline_dag.py
[2026-09-26T11:33:02.610+0000] {processor.py:830} INFO - Processing file /opt/airflow/dags/tiki_pipeline_dag.py for tasks to queue
[2026-09-26T11:33:02.612+0000] {logging_mixin.py:188} INFO - [2026-09-26T11:33:02.611+0000] {dagbag.py:538} INFO - Filling up the DagBag from /opt/airflow/dags/tiki_pipeline_dag.py
[2026-09-26T11:33:02.627+0000] {processor.py:840} INFO - DAG(s) 'tiki_end_to_end_pipeline' retrieved from /opt/airflow/dags/tiki_pipeline_dag.py
[2026-09-26T11:33:02.654+0000] {logging_mixin.py:188} INFO - [2026-09-26T11:33:02.653+0000] {dag.py:3036} INFO - Sync 1 DAGs
[2026-09-26T11:33:02.674+0000] {logging_mixin.py:188} INFO - [2026-09-26T11:33:02.674+0000] {dag.py:3823} INFO - Setting next_dagrun for tiki_end_to_end_pipeline to 2026-09-26 10:00:00+00:00, run_after=2026-09-27 10:00:00+00:00
[2026-09-26T11:33:02.698+0000] {processor.py:183} INFO - Processing /opt/airflow/dags/tiki_pipeline_dag.py took 0.093 seconds
[2026-09-26T11:33:32.949+0000] {processor.py:161} INFO - Started process (PID=629) to work on /opt/airflow/dags/tiki_pipeline_dag.py
[2026-09-26T11:33:32.950+0000] {processor.py:830} INFO - Processing file /opt/airflow/dags/tiki_pipeline_dag.py for tasks to queue
[2026-09-26T11:33:32.951+0000] {logging_mixin.py:188} INFO - [2026-09-26T11:33:32.951+0000] {dagbag.py:538} INFO - Filling up the DagBag from /opt/airflow/dags/tiki_pipeline_dag.py
[2026-09-26T11:33:32.967+0000] {processor.py:840} INFO - DAG(s) 'tiki_end_to_end_pipeline' retrieved from /opt/airflow/dags/tiki_pipeline_dag.py
[2026-09-26T11:33:32.998+0000] {logging_mixin.py:188} INFO - [2026-09-26T11:33:32.998+0000] {dag.py:3036} INFO - Sync 1 DAGs
[2026-09-26T11:33:33.021+0000] {logging_mixin.py:188} INFO - [2026-09-26T11:33:33.020+0000] {dag.py:3823} INFO - Setting next_dagrun for tiki_end_to_end_pipeline to 2026-09-26 10:00:00+00:00, run_after=2026-09-27 10:00:00+00:00
[2026-09-26T11:33:33.044+0000] {processor.py:183} INFO - Processing /opt/airflow/dags/tiki_pipeline_dag.py took 0.100 seconds
[2026-09-26T11:34:03.440+0000] {processor.py:161} INFO - Started process (PID=634) to work on /opt/airflow/dags/tiki_pipeline_dag.py
[2026-09-26T11:34:03.441+0000] {processor.py:830} INFO - Processing file /opt/airflow/dags/tiki_pipeline_dag.py for tasks to queue
[2026-09-26T11:34:03.442+0000] {logging_mixin.py:188} INFO - [2026-09-26T11:34:03.442+0000] {dagbag.py:538} INFO - Filling up the DagBag from /opt/airflow/dags/tiki_pipeline_dag.py
[2026-09-26T11:34:03.456+0000] {processor.py:840} INFO - DAG(s) 'tiki_end_to_end_pipeline' retrieved from /opt/airflow/dags/tiki_pipeline_dag.py
[2026-09-26T11:34:03.485+0000] {logging_mixin.py:188} INFO - [2026-09-26T11:34:03.485+0000] {dag.py:3036} INFO - Sync 1 DAGs
[2026-09-26T11:34:03.510+0000] {logging_mixin.py:188} INFO - [2026-09-26T11:34:03.510+0000] {dag.py:3823} INFO - Setting next_dagrun for tiki_end_to_end_pipeline to 2026-09-26 10:00:00+00:00, run_after=2026-09-27 10:00:00+00:00
[2026-09-26T11:34:03.533+0000] {processor.py:183} INFO - Processing /opt/airflow/dags/tiki_pipeline_dag.py took 0.097 seconds
[2026-09-26T11:34:33.728+0000] {processor.py:161} INFO - Started process (PID=639) to work on /opt/airflow/dags/tiki_pipeline_dag.py
[2026-09-26T11:34:33.729+0000] {processor.py:830} INFO - Processing file /opt/airflow/dags/tiki_pipeline_dag.py for tasks to queue
[2026-09-26T11:34:33.730+0000] {logging_mixin.py:188} INFO - [2026-09-26T11:34:33.730+0000] {dagbag.py:538} INFO - Filling up the DagBag from /opt/airflow/dags/tiki_pipeline_dag.py
[2026-09-26T11:34:33.746+0000] {processor.py:840} INFO - DAG(s) 'tiki_end_to_end_pipeline' retrieved from /opt/airflow/dags/tiki_pipeline_dag.py
[2026-09-26T11:34:33.777+0000] {logging_mixin.py:188} INFO - [2026-09-26T11:34:33.777+0000] {dag.py:3036} INFO - Sync 1 DAGs
[2026-09-26T11:34:33.800+0000] {logging_mixin.py:188} INFO - [2026-09-26T11:34:33.800+0000] {dag.py:3823} INFO - Setting next_dagrun for tiki_end_to_end_pipeline to 2026-09-26 10:00:00+00:00, run_after=2026-09-27 10:00:00+00:00
[2026-09-26T11:34:33.823+0000] {processor.py:183} INFO - Processing /opt/airflow/dags/tiki_pipeline_dag.py took 0.101 seconds
[2026-09-26T11:35:04.082+0000] {processor.py:161} INFO - Started process (PID=644) to work on /opt/airflow/dags/tiki_pipeline_dag.py
[2026-09-26T11:35:04.083+0000] {processor.py:830} INFO - Processing file /opt/airflow/dags/tiki_pipeline_dag.py for tasks to queue
[2026-09-26T11:35:04.085+0000] {logging_mixin.py:188} INFO - [2026-09-26T11:35:04.084+0000] {dagbag.py:538} INFO - Filling up the DagBag from /opt/airflow/dags/tiki_pipeline_dag.py
[2026-09-26T11:35:04.099+0000] {processor.py:840} INFO - DAG(s) 'tiki_end_to_end_pipeline' retrieved from /opt/airflow/dags/tiki_pipeline_dag.py
[2026-09-26T11:35:04.127+0000] {logging_mixin.py:188} INFO - [2026-09-26T11:35:04.126+0000] {dag.py:3036} INFO - Sync 1 DAGs
[2026-09-26T11:35:04.147+0000] {logging_mixin.py:188} INFO - [2026-09-26T11:35:04.147+0000] {dag.py:3823} INFO - Setting next_dagrun for tiki_end_to_end_pipeline to 2026-09-26 10:00:00+00:00, run_after=2026-09-27 10:00:00+00:00
[2026-09-26T11:35:04.169+0000] {processor.py:183} INFO - Processing /opt/airflow/dags/tiki_pipeline_dag.py took 0.092 seconds
[2026-09-26T11:35:34.406+0000] {processor.py:161} INFO - Started process (PID=649) to work on /opt/airflow/dags/tiki_pipeline_dag.py
[2026-09-26T11:35:34.407+0000] {processor.py:830} INFO - Processing file /opt/airflow/dags/tiki_pipeline_dag.py for tasks to queue
[2026-09-26T11:35:34.409+0000] {logging_mixin.py:188} INFO - [2026-09-26T11:35:34.408+0000] {dagbag.py:538} INFO - Filling up the DagBag from /opt/airflow/dags/tiki_pipeline_dag.py
[2026-09-26T11:35:34.428+0000] {processor.py:840} INFO - DAG(s) 'tiki_end_to_end_pipeline' retrieved from /opt/airflow/dags/tiki_pipeline_dag.py
[2026-09-26T11:35:34.458+0000] {logging_mixin.py:188} INFO - [2026-09-26T11:35:34.457+0000] {dag.py:3036} INFO - Sync 1 DAGs
[2026-09-26T11:35:34.481+0000] {logging_mixin.py:188} INFO - [2026-09-26T11:35:34.480+0000] {dag.py:3823} INFO - Setting next_dagrun for tiki_end_to_end_pipeline to 2026-09-26 10:00:00+00:00, run_after=2026-09-27 10:00:00+00:00
[2026-09-26T11:35:34.504+0000] {processor.py:183} INFO - Processing /opt/airflow/dags/tiki_pipeline_dag.py took 0.103 seconds
[2026-09-26T11:36:04.692+0000] {processor.py:161} INFO - Started process (PID=654) to work on /opt/airflow/dags/tiki_pipeline_dag.py
[2026-09-26T11:36:04.693+0000] {processor.py:830} INFO - Processing file /opt/airflow/dags/tiki_pipeline_dag.py for tasks to queue
[2026-09-26T11:36:04.695+0000] {logging_mixin.py:188} INFO - [2026-09-26T11:36:04.694+0000] {dagbag.py:538} INFO - Filling up the DagBag from /opt/airflow/dags/tiki_pipeline_dag.py
[2026-09-26T11:36:04.711+0000] {processor.py:840} INFO - DAG(s) 'tiki_end_to_end_pipeline' retrieved from /opt/airflow/dags/tiki_pipeline_dag.py
[2026-09-26T11:36:04.738+0000] {logging_mixin.py:188} INFO - [2026-09-26T11:36:04.737+0000] {dag.py:3036} INFO - Sync 1 DAGs
[2026-09-26T11:36:04.760+0000] {logging_mixin.py:188} INFO - [2026-09-26T11:36:04.760+0000] {dag.py:3823} INFO - Setting next_dagrun for tiki_end_to_end_pipeline to 2026-09-26 10:00:00+00:00, run_after=2026-09-27 10:00:00+00:00
[2026-09-26T11:36:04.782+0000] {processor.py:183} INFO - Processing /opt/airflow/dags/tiki_pipeline_dag.py took 0.096 seconds
[2026-09-26T11:36:35.069+0000] {processor.py:161} INFO - Started process (PID=659) to work on /opt/airflow/dags/tiki_pipeline_dag.py
[2026-09-26T11:36:35.070+0000] {processor.py:830} INFO - Processing file /opt/airflow/dags/tiki_pipeline_dag.py for tasks to queue
[2026-09-26T11:36:35.071+0000] {logging_mixin.py:188} INFO - [2026-09-26T11:36:35.071+0000] {dagbag.py:538} INFO - Filling up the DagBag from /opt/airflow/dags/tiki_pipeline_dag.py
[2026-09-26T11:36:35.087+0000] {processor.py:840} INFO - DAG(s) 'tiki_end_to_end_pipeline' retrieved from /opt/airflow/dags/tiki_pipeline_dag.py
[2026-09-26T11:36:35.117+0000] {logging_mixin.py:188} INFO - [2026-09-26T11:36:35.117+0000] {dag.py:3036} INFO - Sync 1 DAGs
[2026-09-26T11:36:35.138+0000] {logging_mixin.py:188} INFO - [2026-09-26T11:36:35.138+0000] {dag.py:3823} INFO - Setting next_dagrun for tiki_end_to_end_pipeline to 2026-09-26 10:00:00+00:00, run_after=2026-09-27 10:00:00+00:00
[2026-09-26T11:36:35.156+0000] {processor.py:183} INFO - Processing /opt/airflow/dags/tiki_pipeline_dag.py took 0.092 seconds
[2026-09-26T11:37:05.387+0000] {processor.py:161} INFO - Started process (PID=664) to work on /opt/airflow/dags/tiki_pipeline_dag.py
[2026-09-26T11:37:05.388+0000] {processor.py:830} INFO - Processing file /opt/airflow/dags/tiki_pipeline_dag.py for tasks to queue
[2026-09-26T11:37:05.389+0000] {logging_mixin.py:188} INFO - [2026-09-26T11:37:05.389+0000] {dagbag.py:538} INFO - Filling up the DagBag from /opt/airflow/dags/tiki_pipeline_dag.py
[2026-09-26T11:37:05.408+0000] {processor.py:840} INFO - DAG(s) 'tiki_end_to_end_pipeline' retrieved from /opt/airflow/dags/tiki_pipeline_dag.py
[2026-09-26T11:37:05.433+0000] {logging_mixin.py:188} INFO - [2026-09-26T11:37:05.433+0000] {dag.py:3036} INFO - Sync 1 DAGs
[2026-09-26T11:37:05.456+0000] {logging_mixin.py:188} INFO - [2026-09-26T11:37:05.456+0000] {dag.py:3823} INFO - Setting next_dagrun for tiki_end_to_end_pipeline to 2026-09-26 10:00:00+00:00, run_after=2026-09-27 10:00:00+00:00
[2026-09-26T11:37:05.480+0000] {processor.py:183} INFO - Processing /opt/airflow/dags/tiki_pipeline_dag.py took 0.098 seconds
[2026-09-26T11:37:35.677+0000] {processor.py:161} INFO - Started process (PID=669) to work on /opt/airflow/dags/tiki_pipeline_dag.py
[2026-09-26T11:37:35.679+0000] {processor.py:830} INFO - Processing file /opt/airflow/dags/tiki_pipeline_dag.py for tasks to queue
[2026-09-26T11:37:35.681+0000] {logging_mixin.py:188} INFO - [2026-09-26T11:37:35.681+0000] {dagbag.py:538} INFO - Filling up the DagBag from /opt/airflow/dags/tiki_pipeline_dag.py
[2026-09-26T11:37:35.697+0000] {processor.py:840} INFO - DAG(s) 'tiki_end_to_end_pipeline' retrieved from /opt/airflow/dags/tiki_pipeline_dag.py
[2026-09-26T11:37:35.723+0000] {logging_mixin.py:188} INFO - [2026-09-26T11:37:35.723+0000] {dag.py:3036} INFO - Sync 1 DAGs
[2026-09-26T11:37:35.745+0000] {logging_mixin.py:188} INFO - [2026-09-26T11:37:35.744+0000] {dag.py:3823} INFO - Setting next_dagrun for tiki_end_to_end_pipeline to 2026-09-26 10:00:00+00:00, run_after=2026-09-27 10:00:00+00:00
[2026-09-26T11:37:35.765+0000] {processor.py:183} INFO - Processing /opt/airflow/dags/tiki_pipeline_dag.py took 0.092 seconds
[2026-09-26T11:38:06.014+0000] {processor.py:161} INFO - Started process (PID=674) to work on /opt/airflow/dags/tiki_pipeline_dag.py
[2026-09-26T11:38:06.015+0000] {processor.py:830} INFO - Processing file /opt/airflow/dags/tiki_pipeline_dag.py for tasks to queue
[2026-09-26T11:38:06.016+0000] {logging_mixin.py:188} INFO - [2026-09-26T11:38:06.016+0000] {dagbag.py:538} INFO - Filling up the DagBag from /opt/airflow/dags/tiki_pipeline_dag.py
[2026-09-26T11:38:06.034+0000] {processor.py:840} INFO - DAG(s) 'tiki_end_to_end_pipeline' retrieved from /opt/airflow/dags/tiki_pipeline_dag.py
[2026-09-26T11:38:06.061+0000] {logging_mixin.py:188} INFO - [2026-09-26T11:38:06.061+0000] {dag.py:3036} INFO - Sync 1 DAGs
[2026-09-26T11:38:06.083+0000] {logging_mixin.py:188} INFO - [2026-09-26T11:38:06.083+0000] {dag.py:3823} INFO - Setting next_dagrun for tiki_end_to_end_pipeline to 2026-09-26 10:00:00+00:00, run_after=2026-09-27 10:00:00+00:00
[2026-09-26T11:38:06.105+0000] {processor.py:183} INFO - Processing /opt/airflow/dags/tiki_pipeline_dag.py took 0.095 seconds
[2026-09-26T11:38:36.264+0000] {processor.py:161} INFO - Started process (PID=679) to work on /opt/airflow/dags/tiki_pipeline_dag.py
[2026-09-26T11:38:36.265+0000] {processor.py:830} INFO - Processing file /opt/airflow/dags/tiki_pipeline_dag.py for tasks to queue
[2026-09-26T11:38:36.266+0000] {logging_mixin.py:188} INFO - [2026-09-26T11:38:36.265+0000] {dagbag.py:538} INFO - Filling up the DagBag from /opt/airflow/dags/tiki_pipeline_dag.py
[2026-09-26T11:38:36.280+0000] {processor.py:840} INFO - DAG(s) 'tiki_end_to_end_pipeline' retrieved from /opt/airflow/dags/tiki_pipeline_dag.py
[2026-09-26T11:38:36.328+0000] {logging_mixin.py:188} INFO - [2026-09-26T11:38:36.327+0000] {dag.py:3036} INFO - Sync 1 DAGs
[2026-09-26T11:38:36.348+0000] {logging_mixin.py:188} INFO - [2026-09-26T11:38:36.347+0000] {dag.py:3823} INFO - Setting next_dagrun for tiki_end_to_end_pipeline to 2026-09-26 10:00:00+00:00, run_after=2026-09-27 10:00:00+00:00
[2026-09-26T11:38:36.365+0000] {processor.py:183} INFO - Processing /opt/airflow/dags/tiki_pipeline_dag.py took 0.105 seconds
[2026-09-26T11:39:06.558+0000] {processor.py:161} INFO - Started process (PID=684) to work on /opt/airflow/dags/tiki_pipeline_dag.py
[2026-09-26T11:39:06.559+0000] {processor.py:830} INFO - Processing file /opt/airflow/dags/tiki_pipeline_dag.py for tasks to queue
[2026-09-26T11:39:06.560+0000] {logging_mixin.py:188} INFO - [2026-09-26T11:39:06.559+0000] {dagbag.py:538} INFO - Filling up the DagBag from /opt/airflow/dags/tiki_pipeline_dag.py
[2026-09-26T11:39:06.575+0000] {processor.py:840} INFO - DAG(s) 'tiki_end_to_end_pipeline' retrieved from /opt/airflow/dags/tiki_pipeline_dag.py
[2026-09-26T11:39:06.605+0000] {logging_mixin.py:188} INFO - [2026-09-26T11:39:06.605+0000] {dag.py:3036} INFO - Sync 1 DAGs
[2026-09-26T11:39:06.627+0000] {logging_mixin.py:188} INFO - [2026-09-26T11:39:06.627+0000] {dag.py:3823} INFO - Setting next_dagrun for tiki_end_to_end_pipeline to 2026-09-26 10:00:00+00:00, run_after=2026-09-27 10:00:00+00:00
[2026-09-26T11:39:06.648+0000] {processor.py:183} INFO - Processing /opt/airflow/dags/tiki_pipeline_dag.py took 0.094 seconds
[2026-09-26T11:39:36.823+0000] {processor.py:161} INFO - Started process (PID=689) to work on /opt/airflow/dags/tiki_pipeline_dag.py
[2026-09-26T11:39:36.825+0000] {processor.py:830} INFO - Processing file /opt/airflow/dags/tiki_pipeline_dag.py for tasks to queue
[2026-09-26T11:39:36.826+0000] {logging_mixin.py:188} INFO - [2026-09-26T11:39:36.826+0000] {dagbag.py:538} INFO - Filling up the DagBag from /opt/airflow/dags/tiki_pipeline_dag.py
[2026-09-26T11:39:36.841+0000] {processor.py:840} INFO - DAG(s) 'tiki_end_to_end_pipeline' retrieved from /opt/airflow/dags/tiki_pipeline_dag.py
[2026-09-26T11:39:36.867+0000] {logging_mixin.py:188} INFO - [2026-09-26T11:39:36.867+0000] {dag.py:3036} INFO - Sync 1 DAGs
[2026-09-26T11:39:36.887+0000] {logging_mixin.py:188} INFO - [2026-09-26T11:39:36.887+0000] {dag.py:3823} INFO - Setting next_dagrun for tiki_end_to_end_pipeline to 2026-09-26 10:00:00+00:00, run_after=2026-09-27 10:00:00+00:00
[2026-09-26T11:39:36.908+0000] {processor.py:183} INFO - Processing /opt/airflow/dags/tiki_pipeline_dag.py took 0.089 seconds
[2026-09-26T11:40:07.181+0000] {processor.py:161} INFO - Started process (PID=694) to work on /opt/airflow/dags/tiki_pipeline_dag.py
[2026-09-26T11:40:07.181+0000] {processor.py:830} INFO - Processing file /opt/airflow/dags/tiki_pipeline_dag.py for tasks to queue
[2026-09-26T11:40:07.183+0000] {logging_mixin.py:188} INFO - [2026-09-26T11:40:07.182+0000] {dagbag.py:538} INFO - Filling up the DagBag from /opt/airflow/dags/tiki_pipeline_dag.py
[2026-09-26T11:40:07.196+0000] {processor.py:840} INFO - DAG(s) 'tiki_end_to_end_pipeline' retrieved from /opt/airflow/dags/tiki_pipeline_dag.py
[2026-09-26T11:40:07.220+0000] {logging_mixin.py:188} INFO - [2026-09-26T11:40:07.220+0000] {dag.py:3036} INFO - Sync 1 DAGs
[2026-09-26T11:40:07.241+0000] {logging_mixin.py:188} INFO - [2026-09-26T11:40:07.241+0000] {dag.py:3823} INFO - Setting next_dagrun for tiki_end_to_end_pipeline to 2026-09-26 10:00:00+00:00, run_after=2026-09-27 10:00:00+00:00
[2026-09-26T11:40:07.257+0000] {processor.py:183} INFO - Processing /opt/airflow/dags/tiki_pipeline_dag.py took 0.079 seconds
[2026-09-26T11:40:37.460+0000] {processor.py:161} INFO - Started process (PID=699) to work on /opt/airflow/dags/tiki_pipeline_dag.py
[2026-09-26T11:40:37.461+0000] {processor.py:830} INFO - Processing file /opt/airflow/dags/tiki_pipeline_dag.py for tasks to queue
[2026-09-26T11:40:37.463+0000] {logging_mixin.py:188} INFO - [2026-09-26T11:40:37.462+0000] {dagbag.py:538} INFO - Filling up the DagBag from /opt/airflow/dags/tiki_pipeline_dag.py
[2026-09-26T11:40:37.479+0000] {processor.py:840} INFO - DAG(s) 'tiki_end_to_end_pipeline' retrieved from /opt/airflow/dags/tiki_pipeline_dag.py
[2026-09-26T11:40:37.509+0000] {logging_mixin.py:188} INFO - [2026-09-26T11:40:37.509+0000] {dag.py:3036} INFO - Sync 1 DAGs
[2026-09-26T11:40:37.532+0000] {logging_mixin.py:188} INFO - [2026-09-26T11:40:37.532+0000] {dag.py:3823} INFO - Setting next_dagrun for tiki_end_to_end_pipeline to 2026-09-26 10:00:00+00:00, run_after=2026-09-27 10:00:00+00:00
[2026-09-26T11:40:37.555+0000] {processor.py:183} INFO - Processing /opt/airflow/dags/tiki_pipeline_dag.py took 0.100 seconds
[2026-09-26T11:41:07.788+0000] {processor.py:161} INFO - Started process (PID=704) to work on /opt/airflow/dags/tiki_pipeline_dag.py
[2026-09-26T11:41:07.790+0000] {processor.py:830} INFO - Processing file /opt/airflow/dags/tiki_pipeline_dag.py for tasks to queue
[2026-09-26T11:41:07.791+0000] {logging_mixin.py:188} INFO - [2026-09-26T11:41:07.790+0000] {dagbag.py:538} INFO - Filling up the DagBag from /opt/airflow/dags/tiki_pipeline_dag.py
[2026-09-26T11:41:07.808+0000] {processor.py:840} INFO - DAG(s) 'tiki_end_to_end_pipeline' retrieved from /opt/airflow/dags/tiki_pipeline_dag.py
[2026-09-26T11:41:07.835+0000] {logging_mixin.py:188} INFO - [2026-09-26T11:41:07.835+0000] {dag.py:3036} INFO - Sync 1 DAGs
[2026-09-26T11:41:07.858+0000] {logging_mixin.py:188} INFO - [2026-09-26T11:41:07.858+0000] {dag.py:3823} INFO - Setting next_dagrun for tiki_end_to_end_pipeline to 2026-09-26 10:00:00+00:00, run_after=2026-09-27 10:00:00+00:00
[2026-09-26T11:41:07.878+0000] {processor.py:183} INFO - Processing /opt/airflow/dags/tiki_pipeline_dag.py took 0.094 seconds
[2026-09-26T11:41:38.117+0000] {processor.py:161} INFO - Started process (PID=709) to work on /opt/airflow/dags/tiki_pipeline_dag.py
[2026-09-26T11:41:38.118+0000] {processor.py:830} INFO - Processing file /opt/airflow/dags/tiki_pipeline_dag.py for tasks to queue
[2026-09-26T11:41:38.120+0000] {logging_mixin.py:188} INFO - [2026-09-26T11:41:38.120+0000] {dagbag.py:538} INFO - Filling up the DagBag from /opt/airflow/dags/tiki_pipeline_dag.py
[2026-09-26T11:41:38.136+0000] {processor.py:840} INFO - DAG(s) 'tiki_end_to_end_pipeline' retrieved from /opt/airflow/dags/tiki_pipeline_dag.py
[2026-09-26T11:41:38.166+0000] {logging_mixin.py:188} INFO - [2026-09-26T11:41:38.165+0000] {dag.py:3036} INFO - Sync 1 DAGs
[2026-09-26T11:41:38.193+0000] {logging_mixin.py:188} INFO - [2026-09-26T11:41:38.192+0000] {dag.py:3823} INFO - Setting next_dagrun for tiki_end_to_end_pipeline to 2026-09-26 10:00:00+00:00, run_after=2026-09-27 10:00:00+00:00
[2026-09-26T11:41:38.214+0000] {processor.py:183} INFO - Processing /opt/airflow/dags/tiki_pipeline_dag.py took 0.102 seconds
[2026-09-26T11:42:08.493+0000] {processor.py:161} INFO - Started process (PID=714) to work on /opt/airflow/dags/tiki_pipeline_dag.py
[2026-09-26T11:42:08.494+0000] {processor.py:830} INFO - Processing file /opt/airflow/dags/tiki_pipeline_dag.py for tasks to queue
[2026-09-26T11:42:08.495+0000] {logging_mixin.py:188} INFO - [2026-09-26T11:42:08.495+0000] {dagbag.py:538} INFO - Filling up the DagBag from /opt/airflow/dags/tiki_pipeline_dag.py
[2026-09-26T11:42:08.512+0000] {processor.py:840} INFO - DAG(s) 'tiki_end_to_end_pipeline' retrieved from /opt/airflow/dags/tiki_pipeline_dag.py
[2026-09-26T11:42:08.542+0000] {logging_mixin.py:188} INFO - [2026-09-26T11:42:08.542+0000] {dag.py:3036} INFO - Sync 1 DAGs
[2026-09-26T11:42:08.566+0000] {logging_mixin.py:188} INFO - [2026-09-26T11:42:08.565+0000] {dag.py:3823} INFO - Setting next_dagrun for tiki_end_to_end_pipeline to 2026-09-26 10:00:00+00:00, run_after=2026-09-27 10:00:00+00:00
[2026-09-26T11:42:08.585+0000] {processor.py:183} INFO - Processing /opt/airflow/dags/tiki_pipeline_dag.py took 0.095 seconds
[2026-09-26T11:42:38.804+0000] {processor.py:161} INFO - Started process (PID=719) to work on /opt/airflow/dags/tiki_pipeline_dag.py
[2026-09-26T11:42:38.806+0000] {processor.py:830} INFO - Processing file /opt/airflow/dags/tiki_pipeline_dag.py for tasks to queue
[2026-09-26T11:42:38.807+0000] {logging_mixin.py:188} INFO - [2026-09-26T11:42:38.807+0000] {dagbag.py:538} INFO - Filling up the DagBag from /opt/airflow/dags/tiki_pipeline_dag.py
[2026-09-26T11:42:38.825+0000] {processor.py:840} INFO - DAG(s) 'tiki_end_to_end_pipeline' retrieved from /opt/airflow/dags/tiki_pipeline_dag.py
[2026-09-26T11:42:38.855+0000] {logging_mixin.py:188} INFO - [2026-09-26T11:42:38.855+0000] {dag.py:3036} INFO - Sync 1 DAGs
[2026-09-26T11:42:38.877+0000] {logging_mixin.py:188} INFO - [2026-09-26T11:42:38.877+0000] {dag.py:3823} INFO - Setting next_dagrun for tiki_end_to_end_pipeline to 2026-09-26 10:00:00+00:00, run_after=2026-09-27 10:00:00+00:00
[2026-09-26T11:42:38.896+0000] {processor.py:183} INFO - Processing /opt/airflow/dags/tiki_pipeline_dag.py took 0.098 seconds
[2026-09-26T11:43:09.197+0000] {processor.py:161} INFO - Started process (PID=724) to work on /opt/airflow/dags/tiki_pipeline_dag.py
[2026-09-26T11:43:09.198+0000] {processor.py:830} INFO - Processing file /opt/airflow/dags/tiki_pipeline_dag.py for tasks to queue
[2026-09-26T11:43:09.199+0000] {logging_mixin.py:188} INFO - [2026-09-26T11:43:09.199+0000] {dagbag.py:538} INFO - Filling up the DagBag from /opt/airflow/dags/tiki_pipeline_dag.py
[2026-09-26T11:43:09.218+0000] {processor.py:840} INFO - DAG(s) 'tiki_end_to_end_pipeline' retrieved from /opt/airflow/dags/tiki_pipeline_dag.py
[2026-09-26T11:43:09.248+0000] {logging_mixin.py:188} INFO - [2026-09-26T11:43:09.247+0000] {dag.py:3036} INFO - Sync 1 DAGs
[2026-09-26T11:43:09.271+0000] {logging_mixin.py:188} INFO - [2026-09-26T11:43:09.271+0000] {dag.py:3823} INFO - Setting next_dagrun for tiki_end_to_end_pipeline to 2026-09-26 10:00:00+00:00, run_after=2026-09-27 10:00:00+00:00
[2026-09-26T11:43:09.292+0000] {processor.py:183} INFO - Processing /opt/airflow/dags/tiki_pipeline_dag.py took 0.101 seconds
[2026-09-26T11:44:01.305+0000] {processor.py:161} INFO - Started process (PID=729) to work on /opt/airflow/dags/tiki_pipeline_dag.py
[2026-09-26T11:44:01.306+0000] {processor.py:830} INFO - Processing file /opt/airflow/dags/tiki_pipeline_dag.py for tasks to queue
[2026-09-26T11:44:01.308+0000] {logging_mixin.py:188} INFO - [2026-09-26T11:44:01.307+0000] {dagbag.py:538} INFO - Filling up the DagBag from /opt/airflow/dags/tiki_pipeline_dag.py
[2026-09-26T11:44:01.352+0000] {processor.py:840} INFO - DAG(s) 'tiki_end_to_end_pipeline' retrieved from /opt/airflow/dags/tiki_pipeline_dag.py
[2026-09-26T11:44:01.581+0000] {logging_mixin.py:188} INFO - [2026-09-26T11:44:01.581+0000] {dag.py:3036} INFO - Sync 1 DAGs
[2026-09-26T11:44:01.726+0000] {logging_mixin.py:188} INFO - [2026-09-26T11:44:01.725+0000] {dag.py:3823} INFO - Setting next_dagrun for tiki_end_to_end_pipeline to 2026-09-26 10:00:00+00:00, run_after=2026-09-27 10:00:00+00:00
[2026-09-26T11:44:01.826+0000] {processor.py:183} INFO - Processing /opt/airflow/dags/tiki_pipeline_dag.py took 0.528 seconds
[2026-09-26T11:44:32.520+0000] {processor.py:161} INFO - Started process (PID=735) to work on /opt/airflow/dags/tiki_pipeline_dag.py
[2026-09-26T11:44:32.575+0000] {processor.py:830} INFO - Processing file /opt/airflow/dags/tiki_pipeline_dag.py for tasks to queue
[2026-09-26T11:44:32.610+0000] {logging_mixin.py:188} INFO - [2026-09-26T11:44:32.596+0000] {dagbag.py:538} INFO - Filling up the DagBag from /opt/airflow/dags/tiki_pipeline_dag.py
[2026-09-26T11:44:33.302+0000] {processor.py:840} INFO - DAG(s) 'tiki_end_to_end_pipeline' retrieved from /opt/airflow/dags/tiki_pipeline_dag.py
[2026-09-26T11:44:34.514+0000] {logging_mixin.py:188} INFO - [2026-09-26T11:44:34.510+0000] {dag.py:3036} INFO - Sync 1 DAGs
[2026-09-26T11:44:35.851+0000] {logging_mixin.py:188} INFO - [2026-09-26T11:44:35.838+0000] {dag.py:3823} INFO - Setting next_dagrun for tiki_end_to_end_pipeline to 2026-09-26 10:00:00+00:00, run_after=2026-09-27 10:00:00+00:00
[2026-09-26T11:44:36.871+0000] {processor.py:183} INFO - Processing /opt/airflow/dags/tiki_pipeline_dag.py took 4.550 seconds
[2026-09-26T11:47:54.915+0000] {processor.py:161} INFO - Started process (PID=749) to work on /opt/airflow/dags/tiki_pipeline_dag.py
[2026-09-26T11:47:54.917+0000] {processor.py:830} INFO - Processing file /opt/airflow/dags/tiki_pipeline_dag.py for tasks to queue
[2026-09-26T11:47:54.920+0000] {logging_mixin.py:188} INFO - [2026-09-26T11:47:54.919+0000] {dagbag.py:538} INFO - Filling up the DagBag from /opt/airflow/dags/tiki_pipeline_dag.py
[2026-09-26T11:47:54.934+0000] {processor.py:840} INFO - DAG(s) 'tiki_end_to_end_pipeline' retrieved from /opt/airflow/dags/tiki_pipeline_dag.py
[2026-09-26T11:47:54.978+0000] {logging_mixin.py:188} INFO - [2026-09-26T11:47:54.978+0000] {dag.py:3036} INFO - Sync 1 DAGs
[2026-09-26T11:47:55.013+0000] {logging_mixin.py:188} INFO - [2026-09-26T11:47:55.012+0000] {dag.py:3823} INFO - Setting next_dagrun for tiki_end_to_end_pipeline to 2026-09-26 10:00:00+00:00, run_after=2026-09-27 10:00:00+00:00
[2026-09-26T11:47:55.040+0000] {processor.py:183} INFO - Processing /opt/airflow/dags/tiki_pipeline_dag.py took 0.132 seconds
[2026-09-26T11:48:25.191+0000] {processor.py:161} INFO - Started process (PID=754) to work on /opt/airflow/dags/tiki_pipeline_dag.py
[2026-09-26T11:48:25.192+0000] {processor.py:830} INFO - Processing file /opt/airflow/dags/tiki_pipeline_dag.py for tasks to queue
[2026-09-26T11:48:25.193+0000] {logging_mixin.py:188} INFO - [2026-09-26T11:48:25.193+0000] {dagbag.py:538} INFO - Filling up the DagBag from /opt/airflow/dags/tiki_pipeline_dag.py
[2026-09-26T11:48:25.203+0000] {processor.py:840} INFO - DAG(s) 'tiki_end_to_end_pipeline' retrieved from /opt/airflow/dags/tiki_pipeline_dag.py
[2026-09-26T11:48:25.234+0000] {logging_mixin.py:188} INFO - [2026-09-26T11:48:25.234+0000] {dag.py:3036} INFO - Sync 1 DAGs
[2026-09-26T11:48:25.260+0000] {logging_mixin.py:188} INFO - [2026-09-26T11:48:25.260+0000] {dag.py:3823} INFO - Setting next_dagrun for tiki_end_to_end_pipeline to 2026-09-26 10:00:00+00:00, run_after=2026-09-27 10:00:00+00:00
[2026-09-26T11:48:25.285+0000] {processor.py:183} INFO - Processing /opt/airflow/dags/tiki_pipeline_dag.py took 0.099 seconds
[2026-09-26T11:48:55.527+0000] {processor.py:161} INFO - Started process (PID=759) to work on /opt/airflow/dags/tiki_pipeline_dag.py
[2026-09-26T11:48:55.528+0000] {processor.py:830} INFO - Processing file /opt/airflow/dags/tiki_pipeline_dag.py for tasks to queue
[2026-09-26T11:48:55.529+0000] {logging_mixin.py:188} INFO - [2026-09-26T11:48:55.529+0000] {dagbag.py:538} INFO - Filling up the DagBag from /opt/airflow/dags/tiki_pipeline_dag.py
[2026-09-26T11:48:55.539+0000] {processor.py:840} INFO - DAG(s) 'tiki_end_to_end_pipeline' retrieved from /opt/airflow/dags/tiki_pipeline_dag.py
[2026-09-26T11:48:55.566+0000] {logging_mixin.py:188} INFO - [2026-09-26T11:48:55.566+0000] {dag.py:3036} INFO - Sync 1 DAGs
[2026-09-26T11:48:55.593+0000] {logging_mixin.py:188} INFO - [2026-09-26T11:48:55.593+0000] {dag.py:3823} INFO - Setting next_dagrun for tiki_end_to_end_pipeline to 2026-09-26 10:00:00+00:00, run_after=2026-09-27 10:00:00+00:00
[2026-09-26T11:48:55.613+0000] {processor.py:183} INFO - Processing /opt/airflow/dags/tiki_pipeline_dag.py took 0.091 seconds
[2026-09-26T11:49:25.757+0000] {processor.py:161} INFO - Started process (PID=764) to work on /opt/airflow/dags/tiki_pipeline_dag.py
[2026-09-26T11:49:25.759+0000] {processor.py:830} INFO - Processing file /opt/airflow/dags/tiki_pipeline_dag.py for tasks to queue
[2026-09-26T11:49:25.760+0000] {logging_mixin.py:188} INFO - [2026-09-26T11:49:25.759+0000] {dagbag.py:538} INFO - Filling up the DagBag from /opt/airflow/dags/tiki_pipeline_dag.py
[2026-09-26T11:49:25.770+0000] {processor.py:840} INFO - DAG(s) 'tiki_end_to_end_pipeline' retrieved from /opt/airflow/dags/tiki_pipeline_dag.py
[2026-09-26T11:49:25.801+0000] {logging_mixin.py:188} INFO - [2026-09-26T11:49:25.801+0000] {dag.py:3036} INFO - Sync 1 DAGs
[2026-09-26T11:49:25.819+0000] {logging_mixin.py:188} INFO - [2026-09-26T11:49:25.819+0000] {dag.py:3823} INFO - Setting next_dagrun for tiki_end_to_end_pipeline to 2026-09-26 10:00:00+00:00, run_after=2026-09-27 10:00:00+00:00
[2026-09-26T11:49:25.839+0000] {processor.py:183} INFO - Processing /opt/airflow/dags/tiki_pipeline_dag.py took 0.086 seconds
[2026-09-26T11:49:56.133+0000] {processor.py:161} INFO - Started process (PID=769) to work on /opt/airflow/dags/tiki_pipeline_dag.py
[2026-09-26T11:49:56.134+0000] {processor.py:830} INFO - Processing file /opt/airflow/dags/tiki_pipeline_dag.py for tasks to queue
[2026-09-26T11:49:56.136+0000] {logging_mixin.py:188} INFO - [2026-09-26T11:49:56.135+0000] {dagbag.py:538} INFO - Filling up the DagBag from /opt/airflow/dags/tiki_pipeline_dag.py
[2026-09-26T11:49:56.145+0000] {processor.py:840} INFO - DAG(s) 'tiki_end_to_end_pipeline' retrieved from /opt/airflow/dags/tiki_pipeline_dag.py
[2026-09-26T11:49:56.173+0000] {logging_mixin.py:188} INFO - [2026-09-26T11:49:56.172+0000] {dag.py:3036} INFO - Sync 1 DAGs
[2026-09-26T11:49:56.191+0000] {logging_mixin.py:188} INFO - [2026-09-26T11:49:56.191+0000] {dag.py:3823} INFO - Setting next_dagrun for tiki_end_to_end_pipeline to 2026-09-26 10:00:00+00:00, run_after=2026-09-27 10:00:00+00:00
[2026-09-26T11:49:56.209+0000] {processor.py:183} INFO - Processing /opt/airflow/dags/tiki_pipeline_dag.py took 0.079 seconds
[2026-09-26T11:50:26.403+0000] {processor.py:161} INFO - Started process (PID=774) to work on /opt/airflow/dags/tiki_pipeline_dag.py
[2026-09-26T11:50:26.404+0000] {processor.py:830} INFO - Processing file /opt/airflow/dags/tiki_pipeline_dag.py for tasks to queue
[2026-09-26T11:50:26.406+0000] {logging_mixin.py:188} INFO - [2026-09-26T11:50:26.405+0000] {dagbag.py:538} INFO - Filling up the DagBag from /opt/airflow/dags/tiki_pipeline_dag.py
[2026-09-26T11:50:26.416+0000] {processor.py:840} INFO - DAG(s) 'tiki_end_to_end_pipeline' retrieved from /opt/airflow/dags/tiki_pipeline_dag.py
[2026-09-26T11:50:26.446+0000] {logging_mixin.py:188} INFO - [2026-09-26T11:50:26.445+0000] {dag.py:3036} INFO - Sync 1 DAGs
[2026-09-26T11:50:26.466+0000] {logging_mixin.py:188} INFO - [2026-09-26T11:50:26.466+0000] {dag.py:3823} INFO - Setting next_dagrun for tiki_end_to_end_pipeline to 2026-09-26 10:00:00+00:00, run_after=2026-09-27 10:00:00+00:00
[2026-09-26T11:50:26.486+0000] {processor.py:183} INFO - Processing /opt/airflow/dags/tiki_pipeline_dag.py took 0.089 seconds
[2026-09-26T11:50:56.696+0000] {processor.py:161} INFO - Started process (PID=779) to work on /opt/airflow/dags/tiki_pipeline_dag.py
[2026-09-26T11:50:56.697+0000] {processor.py:830} INFO - Processing file /opt/airflow/dags/tiki_pipeline_dag.py for tasks to queue
[2026-09-26T11:50:56.699+0000] {logging_mixin.py:188} INFO - [2026-09-26T11:50:56.698+0000] {dagbag.py:538} INFO - Filling up the DagBag from /opt/airflow/dags/tiki_pipeline_dag.py
[2026-09-26T11:50:56.709+0000] {processor.py:840} INFO - DAG(s) 'tiki_end_to_end_pipeline' retrieved from /opt/airflow/dags/tiki_pipeline_dag.py
[2026-09-26T11:50:56.741+0000] {logging_mixin.py:188} INFO - [2026-09-26T11:50:56.741+0000] {dag.py:3036} INFO - Sync 1 DAGs
[2026-09-26T11:50:56.770+0000] {logging_mixin.py:188} INFO - [2026-09-26T11:50:56.769+0000] {dag.py:3823} INFO - Setting next_dagrun for tiki_end_to_end_pipeline to 2026-09-26 10:00:00+00:00, run_after=2026-09-27 10:00:00+00:00
[2026-09-26T11:50:56.791+0000] {processor.py:183} INFO - Processing /opt/airflow/dags/tiki_pipeline_dag.py took 0.099 seconds
[2026-09-26T11:51:26.945+0000] {processor.py:161} INFO - Started process (PID=784) to work on /opt/airflow/dags/tiki_pipeline_dag.py
[2026-09-26T11:51:26.946+0000] {processor.py:830} INFO - Processing file /opt/airflow/dags/tiki_pipeline_dag.py for tasks to queue
[2026-09-26T11:51:26.947+0000] {logging_mixin.py:188} INFO - [2026-09-26T11:51:26.947+0000] {dagbag.py:538} INFO - Filling up the DagBag from /opt/airflow/dags/tiki_pipeline_dag.py
[2026-09-26T11:51:26.958+0000] {processor.py:840} INFO - DAG(s) 'tiki_end_to_end_pipeline' retrieved from /opt/airflow/dags/tiki_pipeline_dag.py
[2026-09-26T11:51:26.987+0000] {logging_mixin.py:188} INFO - [2026-09-26T11:51:26.987+0000] {dag.py:3036} INFO - Sync 1 DAGs
[2026-09-26T11:51:27.009+0000] {logging_mixin.py:188} INFO - [2026-09-26T11:51:27.008+0000] {dag.py:3823} INFO - Setting next_dagrun for tiki_end_to_end_pipeline to 2026-09-26 10:00:00+00:00, run_after=2026-09-27 10:00:00+00:00
[2026-09-26T11:51:27.033+0000] {processor.py:183} INFO - Processing /opt/airflow/dags/tiki_pipeline_dag.py took 0.092 seconds
[2026-09-26T11:51:57.302+0000] {processor.py:161} INFO - Started process (PID=789) to work on /opt/airflow/dags/tiki_pipeline_dag.py
[2026-09-26T11:51:57.303+0000] {processor.py:830} INFO - Processing file /opt/airflow/dags/tiki_pipeline_dag.py for tasks to queue
[2026-09-26T11:51:57.305+0000] {logging_mixin.py:188} INFO - [2026-09-26T11:51:57.304+0000] {dagbag.py:538} INFO - Filling up the DagBag from /opt/airflow/dags/tiki_pipeline_dag.py
[2026-09-26T11:51:57.316+0000] {processor.py:840} INFO - DAG(s) 'tiki_end_to_end_pipeline' retrieved from /opt/airflow/dags/tiki_pipeline_dag.py
[2026-09-26T11:51:57.352+0000] {logging_mixin.py:188} INFO - [2026-09-26T11:51:57.352+0000] {dag.py:3036} INFO - Sync 1 DAGs
[2026-09-26T11:51:57.377+0000] {logging_mixin.py:188} INFO - [2026-09-26T11:51:57.377+0000] {dag.py:3823} INFO - Setting next_dagrun for tiki_end_to_end_pipeline to 2026-09-26 10:00:00+00:00, run_after=2026-09-27 10:00:00+00:00
[2026-09-26T11:51:57.398+0000] {processor.py:183} INFO - Processing /opt/airflow/dags/tiki_pipeline_dag.py took 0.100 seconds
[2026-09-26T11:52:27.574+0000] {processor.py:161} INFO - Started process (PID=794) to work on /opt/airflow/dags/tiki_pipeline_dag.py
[2026-09-26T11:52:27.575+0000] {processor.py:830} INFO - Processing file /opt/airflow/dags/tiki_pipeline_dag.py for tasks to queue
[2026-09-26T11:52:27.576+0000] {logging_mixin.py:188} INFO - [2026-09-26T11:52:27.575+0000] {dagbag.py:538} INFO - Filling up the DagBag from /opt/airflow/dags/tiki_pipeline_dag.py
[2026-09-26T11:52:27.587+0000] {processor.py:840} INFO - DAG(s) 'tiki_end_to_end_pipeline' retrieved from /opt/airflow/dags/tiki_pipeline_dag.py
[2026-09-26T11:52:27.619+0000] {logging_mixin.py:188} INFO - [2026-09-26T11:52:27.618+0000] {dag.py:3036} INFO - Sync 1 DAGs
[2026-09-26T11:52:27.641+0000] {logging_mixin.py:188} INFO - [2026-09-26T11:52:27.641+0000] {dag.py:3823} INFO - Setting next_dagrun for tiki_end_to_end_pipeline to 2026-09-26 10:00:00+00:00, run_after=2026-09-27 10:00:00+00:00
[2026-09-26T11:52:27.660+0000] {processor.py:183} INFO - Processing /opt/airflow/dags/tiki_pipeline_dag.py took 0.092 seconds
[2026-09-26T11:52:57.932+0000] {processor.py:161} INFO - Started process (PID=799) to work on /opt/airflow/dags/tiki_pipeline_dag.py
[2026-09-26T11:52:57.933+0000] {processor.py:830} INFO - Processing file /opt/airflow/dags/tiki_pipeline_dag.py for tasks to queue
[2026-09-26T11:52:57.935+0000] {logging_mixin.py:188} INFO - [2026-09-26T11:52:57.934+0000] {dagbag.py:538} INFO - Filling up the DagBag from /opt/airflow/dags/tiki_pipeline_dag.py
[2026-09-26T11:52:57.943+0000] {processor.py:840} INFO - DAG(s) 'tiki_end_to_end_pipeline' retrieved from /opt/airflow/dags/tiki_pipeline_dag.py
[2026-09-26T11:52:57.973+0000] {logging_mixin.py:188} INFO - [2026-09-26T11:52:57.973+0000] {dag.py:3036} INFO - Sync 1 DAGs
[2026-09-26T11:52:57.997+0000] {logging_mixin.py:188} INFO - [2026-09-26T11:52:57.996+0000] {dag.py:3823} INFO - Setting next_dagrun for tiki_end_to_end_pipeline to 2026-09-26 10:00:00+00:00, run_after=2026-09-27 10:00:00+00:00
[2026-09-26T11:52:58.019+0000] {processor.py:183} INFO - Processing /opt/airflow/dags/tiki_pipeline_dag.py took 0.091 seconds
[2026-09-26T11:53:28.220+0000] {processor.py:161} INFO - Started process (PID=804) to work on /opt/airflow/dags/tiki_pipeline_dag.py
[2026-09-26T11:53:28.221+0000] {processor.py:830} INFO - Processing file /opt/airflow/dags/tiki_pipeline_dag.py for tasks to queue
[2026-09-26T11:53:28.222+0000] {logging_mixin.py:188} INFO - [2026-09-26T11:53:28.222+0000] {dagbag.py:538} INFO - Filling up the DagBag from /opt/airflow/dags/tiki_pipeline_dag.py
[2026-09-26T11:53:28.232+0000] {processor.py:840} INFO - DAG(s) 'tiki_end_to_end_pipeline' retrieved from /opt/airflow/dags/tiki_pipeline_dag.py
[2026-09-26T11:53:28.263+0000] {logging_mixin.py:188} INFO - [2026-09-26T11:53:28.263+0000] {dag.py:3036} INFO - Sync 1 DAGs
[2026-09-26T11:53:28.285+0000] {logging_mixin.py:188} INFO - [2026-09-26T11:53:28.284+0000] {dag.py:3823} INFO - Setting next_dagrun for tiki_end_to_end_pipeline to 2026-09-26 10:00:00+00:00, run_after=2026-09-27 10:00:00+00:00
[2026-09-26T11:53:28.303+0000] {processor.py:183} INFO - Processing /opt/airflow/dags/tiki_pipeline_dag.py took 0.088 seconds
[2026-09-26T11:53:58.577+0000] {processor.py:161} INFO - Started process (PID=809) to work on /opt/airflow/dags/tiki_pipeline_dag.py
[2026-09-26T11:53:58.578+0000] {processor.py:830} INFO - Processing file /opt/airflow/dags/tiki_pipeline_dag.py for tasks to queue
[2026-09-26T11:53:58.580+0000] {logging_mixin.py:188} INFO - [2026-09-26T11:53:58.579+0000] {dagbag.py:538} INFO - Filling up the DagBag from /opt/airflow/dags/tiki_pipeline_dag.py
[2026-09-26T11:53:58.588+0000] {processor.py:840} INFO - DAG(s) 'tiki_end_to_end_pipeline' retrieved from /opt/airflow/dags/tiki_pipeline_dag.py
[2026-09-26T11:53:58.619+0000] {logging_mixin.py:188} INFO - [2026-09-26T11:53:58.619+0000] {dag.py:3036} INFO - Sync 1 DAGs
[2026-09-26T11:53:58.642+0000] {logging_mixin.py:188} INFO - [2026-09-26T11:53:58.641+0000] {dag.py:3823} INFO - Setting next_dagrun for tiki_end_to_end_pipeline to 2026-09-26 10:00:00+00:00, run_after=2026-09-27 10:00:00+00:00
[2026-09-26T11:53:58.667+0000] {processor.py:183} INFO - Processing /opt/airflow/dags/tiki_pipeline_dag.py took 0.094 seconds
[2026-09-26T11:54:28.818+0000] {processor.py:161} INFO - Started process (PID=814) to work on /opt/airflow/dags/tiki_pipeline_dag.py
[2026-09-26T11:54:28.819+0000] {processor.py:830} INFO - Processing file /opt/airflow/dags/tiki_pipeline_dag.py for tasks to queue
[2026-09-26T11:54:28.821+0000] {logging_mixin.py:188} INFO - [2026-09-26T11:54:28.820+0000] {dagbag.py:538} INFO - Filling up the DagBag from /opt/airflow/dags/tiki_pipeline_dag.py
[2026-09-26T11:54:28.830+0000] {processor.py:840} INFO - DAG(s) 'tiki_end_to_end_pipeline' retrieved from /opt/airflow/dags/tiki_pipeline_dag.py
[2026-09-26T11:54:28.862+0000] {logging_mixin.py:188} INFO - [2026-09-26T11:54:28.862+0000] {dag.py:3036} INFO - Sync 1 DAGs
[2026-09-26T11:54:28.886+0000] {logging_mixin.py:188} INFO - [2026-09-26T11:54:28.886+0000] {dag.py:3823} INFO - Setting next_dagrun for tiki_end_to_end_pipeline to 2026-09-26 10:00:00+00:00, run_after=2026-09-27 10:00:00+00:00
[2026-09-26T11:54:28.911+0000] {processor.py:183} INFO - Processing /opt/airflow/dags/tiki_pipeline_dag.py took 0.099 seconds
[2026-09-26T11:54:59.206+0000] {processor.py:161} INFO - Started process (PID=819) to work on /opt/airflow/dags/tiki_pipeline_dag.py
[2026-09-26T11:54:59.208+0000] {processor.py:830} INFO - Processing file /opt/airflow/dags/tiki_pipeline_dag.py for tasks to queue
[2026-09-26T11:54:59.209+0000] {logging_mixin.py:188} INFO - [2026-09-26T11:54:59.209+0000] {dagbag.py:538} INFO - Filling up the DagBag from /opt/airflow/dags/tiki_pipeline_dag.py
[2026-09-26T11:54:59.219+0000] {processor.py:840} INFO - DAG(s) 'tiki_end_to_end_pipeline' retrieved from /opt/airflow/dags/tiki_pipeline_dag.py
[2026-09-26T11:54:59.251+0000] {logging_mixin.py:188} INFO - [2026-09-26T11:54:59.251+0000] {dag.py:3036} INFO - Sync 1 DAGs
[2026-09-26T11:54:59.276+0000] {logging_mixin.py:188} INFO - [2026-09-26T11:54:59.276+0000] {dag.py:3823} INFO - Setting next_dagrun for tiki_end_to_end_pipeline to 2026-09-26 10:00:00+00:00, run_after=2026-09-27 10:00:00+00:00
[2026-09-26T11:54:59.296+0000] {processor.py:183} INFO - Processing /opt/airflow/dags/tiki_pipeline_dag.py took 0.094 seconds
[2026-09-26T11:55:29.521+0000] {processor.py:161} INFO - Started process (PID=824) to work on /opt/airflow/dags/tiki_pipeline_dag.py
[2026-09-26T11:55:29.522+0000] {processor.py:830} INFO - Processing file /opt/airflow/dags/tiki_pipeline_dag.py for tasks to queue
[2026-09-26T11:55:29.523+0000] {logging_mixin.py:188} INFO - [2026-09-26T11:55:29.523+0000] {dagbag.py:538} INFO - Filling up the DagBag from /opt/airflow/dags/tiki_pipeline_dag.py
[2026-09-26T11:55:29.532+0000] {processor.py:840} INFO - DAG(s) 'tiki_end_to_end_pipeline' retrieved from /opt/airflow/dags/tiki_pipeline_dag.py
[2026-09-26T11:55:29.560+0000] {logging_mixin.py:188} INFO - [2026-09-26T11:55:29.560+0000] {dag.py:3036} INFO - Sync 1 DAGs
[2026-09-26T11:55:29.583+0000] {logging_mixin.py:188} INFO - [2026-09-26T11:55:29.582+0000] {dag.py:3823} INFO - Setting next_dagrun for tiki_end_to_end_pipeline to 2026-09-26 10:00:00+00:00, run_after=2026-09-27 10:00:00+00:00
[2026-09-26T11:55:29.601+0000] {processor.py:183} INFO - Processing /opt/airflow/dags/tiki_pipeline_dag.py took 0.084 seconds
[2026-09-26T11:55:59.833+0000] {processor.py:161} INFO - Started process (PID=829) to work on /opt/airflow/dags/tiki_pipeline_dag.py
[2026-09-26T11:55:59.834+0000] {processor.py:830} INFO - Processing file /opt/airflow/dags/tiki_pipeline_dag.py for tasks to queue
[2026-09-26T11:55:59.835+0000] {logging_mixin.py:188} INFO - [2026-09-26T11:55:59.834+0000] {dagbag.py:538} INFO - Filling up the DagBag from /opt/airflow/dags/tiki_pipeline_dag.py
[2026-09-26T11:55:59.844+0000] {processor.py:840} INFO - DAG(s) 'tiki_end_to_end_pipeline' retrieved from /opt/airflow/dags/tiki_pipeline_dag.py
[2026-09-26T11:55:59.889+0000] {logging_mixin.py:188} INFO - [2026-09-26T11:55:59.888+0000] {dag.py:3036} INFO - Sync 1 DAGs
[2026-09-26T11:55:59.912+0000] {logging_mixin.py:188} INFO - [2026-09-26T11:55:59.911+0000] {dag.py:3823} INFO - Setting next_dagrun for tiki_end_to_end_pipeline to 2026-09-26 10:00:00+00:00, run_after=2026-09-27 10:00:00+00:00
[2026-09-26T11:55:59.932+0000] {processor.py:183} INFO - Processing /opt/airflow/dags/tiki_pipeline_dag.py took 0.103 seconds
[2026-09-26T11:56:30.140+0000] {processor.py:161} INFO - Started process (PID=834) to work on /opt/airflow/dags/tiki_pipeline_dag.py
[2026-09-26T11:56:30.141+0000] {processor.py:830} INFO - Processing file /opt/airflow/dags/tiki_pipeline_dag.py for tasks to queue
[2026-09-26T11:56:30.142+0000] {logging_mixin.py:188} INFO - [2026-09-26T11:56:30.142+0000] {dagbag.py:538} INFO - Filling up the DagBag from /opt/airflow/dags/tiki_pipeline_dag.py
[2026-09-26T11:56:30.151+0000] {processor.py:840} INFO - DAG(s) 'tiki_end_to_end_pipeline' retrieved from /opt/airflow/dags/tiki_pipeline_dag.py
[2026-09-26T11:56:30.185+0000] {logging_mixin.py:188} INFO - [2026-09-26T11:56:30.185+0000] {dag.py:3036} INFO - Sync 1 DAGs
[2026-09-26T11:56:30.209+0000] {logging_mixin.py:188} INFO - [2026-09-26T11:56:30.209+0000] {dag.py:3823} INFO - Setting next_dagrun for tiki_end_to_end_pipeline to 2026-09-26 10:00:00+00:00, run_after=2026-09-27 10:00:00+00:00
[2026-09-26T11:56:30.233+0000] {processor.py:183} INFO - Processing /opt/airflow/dags/tiki_pipeline_dag.py took 0.098 seconds
[2026-09-26T11:57:00.479+0000] {processor.py:161} INFO - Started process (PID=839) to work on /opt/airflow/dags/tiki_pipeline_dag.py
[2026-09-26T11:57:00.480+0000] {processor.py:830} INFO - Processing file /opt/airflow/dags/tiki_pipeline_dag.py for tasks to queue
[2026-09-26T11:57:00.481+0000] {logging_mixin.py:188} INFO - [2026-09-26T11:57:00.481+0000] {dagbag.py:538} INFO - Filling up the DagBag from /opt/airflow/dags/tiki_pipeline_dag.py
[2026-09-26T11:57:00.491+0000] {processor.py:840} INFO - DAG(s) 'tiki_end_to_end_pipeline' retrieved from /opt/airflow/dags/tiki_pipeline_dag.py
[2026-09-26T11:57:00.519+0000] {logging_mixin.py:188} INFO - [2026-09-26T11:57:00.519+0000] {dag.py:3036} INFO - Sync 1 DAGs
[2026-09-26T11:57:00.539+0000] {logging_mixin.py:188} INFO - [2026-09-26T11:57:00.539+0000] {dag.py:3823} INFO - Setting next_dagrun for tiki_end_to_end_pipeline to 2026-09-26 10:00:00+00:00, run_after=2026-09-27 10:00:00+00:00
[2026-09-26T11:57:00.559+0000] {processor.py:183} INFO - Processing /opt/airflow/dags/tiki_pipeline_dag.py took 0.085 seconds
[2026-09-26T11:57:30.781+0000] {processor.py:161} INFO - Started process (PID=844) to work on /opt/airflow/dags/tiki_pipeline_dag.py
[2026-09-26T11:57:30.782+0000] {processor.py:830} INFO - Processing file /opt/airflow/dags/tiki_pipeline_dag.py for tasks to queue
[2026-09-26T11:57:30.784+0000] {logging_mixin.py:188} INFO - [2026-09-26T11:57:30.783+0000] {dagbag.py:538} INFO - Filling up the DagBag from /opt/airflow/dags/tiki_pipeline_dag.py
[2026-09-26T11:57:30.794+0000] {processor.py:840} INFO - DAG(s) 'tiki_end_to_end_pipeline' retrieved from /opt/airflow/dags/tiki_pipeline_dag.py
[2026-09-26T11:57:30.822+0000] {logging_mixin.py:188} INFO - [2026-09-26T11:57:30.822+0000] {dag.py:3036} INFO - Sync 1 DAGs
[2026-09-26T11:57:30.843+0000] {logging_mixin.py:188} INFO - [2026-09-26T11:57:30.843+0000] {dag.py:3823} INFO - Setting next_dagrun for tiki_end_to_end_pipeline to 2026-09-26 10:00:00+00:00, run_after=2026-09-27 10:00:00+00:00
[2026-09-26T11:57:30.863+0000] {processor.py:183} INFO - Processing /opt/airflow/dags/tiki_pipeline_dag.py took 0.086 seconds
