[2026-09-26T06:27:48.565+0000] {manager.py:469} INFO - Processing files using up to 2 processes at a time 
[2026-09-26T06:27:48.567+0000] {manager.py:470} INFO - Process each file at most once every 30 seconds
[2026-09-26T06:27:48.568+0000] {manager.py:471} INFO - Checking for new files in /opt/airflow/dags every 300 seconds
[2026-09-26T06:27:48.569+0000] {manager.py:738} INFO - Searching for files in /opt/airflow/dags
[2026-09-26T06:27:48.574+0000] {manager.py:741} INFO - There are 1 files in /opt/airflow/dags
[2026-09-26T06:27:52.747+0000] {manager.py:879} INFO - 
================================================================================
DAG File Processing Stats

File Path                                 PID  Runtime      # DAGs    # Errors  Last Runtime    Last Run
--------------------------------------  -----  ---------  --------  ----------  --------------  ----------
/opt/airflow/dags/tiki_pipeline_dag.py    163  0.80s             0           0
================================================================================
[2026-09-26T06:28:23.394+0000] {manager.py:879} INFO - 
================================================================================
DAG File Processing Stats

File Path                               PID    Runtime      # DAGs    # Errors  Last Runtime    Last Run
--------------------------------------  -----  ---------  --------  ----------  --------------  -------------------
/opt/airflow/dags/tiki_pipeline_dag.py                           1           0  8.58s           2026-09-26T06:28:00
================================================================================
[2026-09-26T06:28:53.606+0000] {manager.py:879} INFO - 
================================================================================
DAG File Processing Stats

File Path                               PID    Runtime      # DAGs    # Errors  Last Runtime    Last Run
--------------------------------------  -----  ---------  --------  ----------  --------------  -------------------
/opt/airflow/dags/tiki_pipeline_dag.py                           1           0  4.52s           2026-09-26T06:28:35
================================================================================
[2026-09-26T06:29:24.292+0000] {manager.py:879} INFO - 
================================================================================
DAG File Processing Stats

File Path                               PID    Runtime      # DAGs    # Errors  Last Runtime    Last Run
--------------------------------------  -----  ---------  --------  ----------  --------------  -------------------
/opt/airflow/dags/tiki_pipeline_dag.py                           1           0  4.59s           2026-09-26T06:29:10
================================================================================
[2026-09-26T06:29:54.872+0000] {manager.py:879} INFO - 
================================================================================
DAG File Processing Stats

File Path                               PID    Runtime      # DAGs    # Errors  Last Runtime    Last Run
--------------------------------------  -----  ---------  --------  ----------  --------------  -------------------
/opt/airflow/dags/tiki_pipeline_dag.py                           1           0  4.25s           2026-09-26T06:29:45
================================================================================
[2026-09-26T06:30:25.637+0000] {manager.py:879} INFO - 
================================================================================
DAG File Processing Stats

File Path                               PID    Runtime      # DAGs    # Errors  Last Runtime    Last Run
--------------------------------------  -----  ---------  --------  ----------  --------------  -------------------
/opt/airflow/dags/tiki_pipeline_dag.py                           1           0  4.70s           2026-09-26T06:30:20
================================================================================
[2026-09-26T06:30:55.649+0000] {manager.py:879} INFO - 
================================================================================
DAG File Processing Stats

File Path                               PID    Runtime      # DAGs    # Errors  Last Runtime    Last Run
--------------------------------------  -----  ---------  --------  ----------  --------------  -------------------
/opt/airflow/dags/tiki_pipeline_dag.py                           1           0  4.55s           2026-09-26T06:30:55
================================================================================
[2026-09-26T06:31:25.901+0000] {manager.py:879} INFO - 
================================================================================
DAG File Processing Stats

File Path                                 PID  Runtime      # DAGs    # Errors  Last Runtime    Last Run
--------------------------------------  -----  ---------  --------  ----------  --------------  -------------------
/opt/airflow/dags/tiki_pipeline_dag.py    194  0.01s             1           0  4.55s           2026-09-26T06:30:55
================================================================================
[2026-09-26T06:31:29.231+0000] {manager.py:451} INFO - Exiting gracefully upon receiving signal 15
[2026-09-26T06:31:29.231+0000] {manager.py:451} INFO - Exiting gracefully upon receiving signal 15
[2026-09-26T06:31:52.518+0000] {manager.py:469} INFO - Processing files using up to 2 processes at a time 
[2026-09-26T06:31:52.519+0000] {manager.py:470} INFO - Process each file at most once every 30 seconds
[2026-09-26T06:31:52.520+0000] {manager.py:471} INFO - Checking for new files in /opt/airflow/dags every 300 seconds
[2026-09-26T06:31:52.521+0000] {manager.py:738} INFO - Searching for files in /opt/airflow/dags
[2026-09-26T06:31:52.528+0000] {manager.py:741} INFO - There are 1 files in /opt/airflow/dags
[2026-09-26T06:31:56.882+0000] {manager.py:879} INFO - 
================================================================================
DAG File Processing Stats

File Path                                 PID  Runtime      # DAGs    # Errors  Last Runtime    Last Run
--------------------------------------  -----  ---------  --------  ----------  --------------  ----------
/opt/airflow/dags/tiki_pipeline_dag.py    163  0.87s             0           0
================================================================================
[2026-09-26T06:32:27.482+0000] {manager.py:879} INFO - 
================================================================================
DAG File Processing Stats

File Path                               PID    Runtime      # DAGs    # Errors  Last Runtime    Last Run
--------------------------------------  -----  ---------  --------  ----------  --------------  -------------------
/opt/airflow/dags/tiki_pipeline_dag.py                           1           0  4.38s           2026-09-26T06:32:00
================================================================================
[2026-09-26T06:32:29.645+0000] {manager.py:451} INFO - Exiting gracefully upon receiving signal 15
[2026-09-26T06:32:51.363+0000] {manager.py:469} INFO - Processing files using up to 2 processes at a time 
[2026-09-26T06:32:51.364+0000] {manager.py:470} INFO - Process each file at most once every 30 seconds
[2026-09-26T06:32:51.364+0000] {manager.py:471} INFO - Checking for new files in /opt/airflow/dags every 300 seconds
[2026-09-26T06:32:51.365+0000] {manager.py:738} INFO - Searching for files in /opt/airflow/dags
[2026-09-26T06:32:51.371+0000] {manager.py:741} INFO - There are 1 files in /opt/airflow/dags
[2026-09-26T06:32:55.701+0000] {manager.py:879} INFO - 
================================================================================
DAG File Processing Stats

File Path                                 PID  Runtime      # DAGs    # Errors  Last Runtime    Last Run
--------------------------------------  -----  ---------  --------  ----------  --------------  ----------
/opt/airflow/dags/tiki_pipeline_dag.py    163  0.81s             0           0
================================================================================
[2026-09-26T06:33:26.411+0000] {manager.py:879} INFO - 
================================================================================
DAG File Processing Stats

File Path                               PID    Runtime      # DAGs    # Errors  Last Runtime    Last Run
--------------------------------------  -----  ---------  --------  ----------  --------------  -------------------
/opt/airflow/dags/tiki_pipeline_dag.py                           1           0  5.91s           2026-09-26T06:33:00
================================================================================
[2026-09-26T06:33:56.826+0000] {manager.py:879} INFO - 
================================================================================
DAG File Processing Stats

File Path                               PID    Runtime      # DAGs    # Errors  Last Runtime    Last Run
--------------------------------------  -----  ---------  --------  ----------  --------------  -------------------
/opt/airflow/dags/tiki_pipeline_dag.py                           1           0  5.61s           2026-09-26T06:33:36
================================================================================
[2026-09-26T06:34:27.043+0000] {manager.py:879} INFO - 
================================================================================
DAG File Processing Stats

File Path                               PID    Runtime      # DAGs    # Errors  Last Runtime    Last Run
--------------------------------------  -----  ---------  --------  ----------  --------------  -------------------
/opt/airflow/dags/tiki_pipeline_dag.py                           1           0  4.77s           2026-09-26T06:34:11
================================================================================
[2026-09-26T06:34:57.661+0000] {manager.py:879} INFO - 
================================================================================
DAG File Processing Stats

File Path                               PID    Runtime      # DAGs    # Errors  Last Runtime    Last Run
--------------------------------------  -----  ---------  --------  ----------  --------------  -------------------
/opt/airflow/dags/tiki_pipeline_dag.py                           1           0  4.39s           2026-09-26T06:34:46
================================================================================
[2026-09-26T06:35:28.061+0000] {manager.py:879} INFO - 
================================================================================
DAG File Processing Stats

File Path                               PID    Runtime      # DAGs    # Errors  Last Runtime    Last Run
--------------------------------------  -----  ---------  --------  ----------  --------------  -------------------
/opt/airflow/dags/tiki_pipeline_dag.py                           1           0  4.39s           2026-09-26T06:35:20
================================================================================
[2026-09-26T06:35:58.159+0000] {manager.py:879} INFO - 
================================================================================
DAG File Processing Stats

File Path                               PID    Runtime      # DAGs    # Errors  Last Runtime    Last Run
--------------------------------------  -----  ---------  --------  ----------  --------------  -------------------
/opt/airflow/dags/tiki_pipeline_dag.py                           1           0  4.30s           2026-09-26T06:35:55
================================================================================
[2026-09-26T06:36:28.916+0000] {manager.py:879} INFO - 
================================================================================
DAG File Processing Stats

File Path                                 PID  Runtime      # DAGs    # Errors  Last Runtime    Last Run
--------------------------------------  -----  ---------  --------  ----------  --------------  -------------------
/opt/airflow/dags/tiki_pipeline_dag.py    194  3.69s             1           0  4.30s           2026-09-26T06:35:55
================================================================================
[2026-09-26T06:36:59.261+0000] {manager.py:879} INFO - 
================================================================================
DAG File Processing Stats

File Path                               PID    Runtime      # DAGs    # Errors  Last Runtime    Last Run
--------------------------------------  -----  ---------  --------  ----------  --------------  -------------------
/opt/airflow/dags/tiki_pipeline_dag.py                           1           0  4.39s           2026-09-26T06:36:29
================================================================================
[2026-09-26T06:37:30.190+0000] {manager.py:879} INFO - 
================================================================================
DAG File Processing Stats

File Path                               PID    Runtime      # DAGs    # Errors  Last Runtime    Last Run
--------------------------------------  -----  ---------  --------  ----------  --------------  -------------------
/opt/airflow/dags/tiki_pipeline_dag.py                           1           0  4.64s           2026-09-26T06:37:04
================================================================================
[2026-09-26T06:37:51.885+0000] {manager.py:738} INFO - Searching for files in /opt/airflow/dags
[2026-09-26T06:37:51.891+0000] {manager.py:741} INFO - There are 1 files in /opt/airflow/dags
[2026-09-26T06:38:01.060+0000] {manager.py:879} INFO - 
================================================================================
DAG File Processing Stats

File Path                               PID    Runtime      # DAGs    # Errors  Last Runtime    Last Run
--------------------------------------  -----  ---------  --------  ----------  --------------  -------------------
/opt/airflow/dags/tiki_pipeline_dag.py                           1           0  4.42s           2026-09-26T06:37:39
================================================================================
[2026-09-26T06:38:31.679+0000] {manager.py:879} INFO - 
================================================================================
DAG File Processing Stats

File Path                               PID    Runtime      # DAGs    # Errors  Last Runtime    Last Run
--------------------------------------  -----  ---------  --------  ----------  --------------  -------------------
/opt/airflow/dags/tiki_pipeline_dag.py                           1           0  4.67s           2026-09-26T06:38:14
================================================================================
[2026-09-26T06:39:02.093+0000] {manager.py:879} INFO - 
================================================================================
DAG File Processing Stats

File Path                               PID    Runtime      # DAGs    # Errors  Last Runtime    Last Run
--------------------------------------  -----  ---------  --------  ----------  --------------  -------------------
/opt/airflow/dags/tiki_pipeline_dag.py                           1           0  4.31s           2026-09-26T06:38:49
================================================================================
[2026-09-26T06:39:32.391+0000] {manager.py:879} INFO - 
================================================================================
DAG File Processing Stats

File Path                               PID    Runtime      # DAGs    # Errors  Last Runtime    Last Run
--------------------------------------  -----  ---------  --------  ----------  --------------  -------------------
/opt/airflow/dags/tiki_pipeline_dag.py                           1           0  4.29s           2026-09-26T06:39:23
================================================================================
[2026-09-26T06:40:02.418+0000] {manager.py:879} INFO - 
================================================================================
DAG File Processing Stats

File Path                               PID    Runtime      # DAGs    # Errors  Last Runtime    Last Run
--------------------------------------  -----  ---------  --------  ----------  --------------  -------------------
/opt/airflow/dags/tiki_pipeline_dag.py                           1           0  4.84s           2026-09-26T06:39:59
================================================================================
[2026-09-26T06:40:32.875+0000] {manager.py:879} INFO - 
================================================================================
DAG File Processing Stats

File Path                                 PID  Runtime      # DAGs    # Errors  Last Runtime    Last Run
--------------------------------------  -----  ---------  --------  ----------  --------------  -------------------
/opt/airflow/dags/tiki_pipeline_dag.py    229  2.80s             1           0  4.84s           2026-09-26T06:39:59
================================================================================
[2026-09-26T06:41:03.054+0000] {manager.py:879} INFO - 
================================================================================
DAG File Processing Stats

File Path                               PID    Runtime      # DAGs    # Errors  Last Runtime    Last Run
--------------------------------------  -----  ---------  --------  ----------  --------------  -------------------
/opt/airflow/dags/tiki_pipeline_dag.py                           1           0  4.63s           2026-09-26T06:40:34
================================================================================
[2026-09-26T06:41:33.111+0000] {manager.py:879} INFO - 
================================================================================
DAG File Processing Stats

File Path                               PID    Runtime      # DAGs    # Errors  Last Runtime    Last Run
--------------------------------------  -----  ---------  --------  ----------  --------------  -------------------
/opt/airflow/dags/tiki_pipeline_dag.py                           1           0  4.60s           2026-09-26T06:41:10
================================================================================
[2026-09-26T06:42:03.556+0000] {manager.py:879} INFO - 
================================================================================
DAG File Processing Stats

File Path                               PID    Runtime      # DAGs    # Errors  Last Runtime    Last Run
--------------------------------------  -----  ---------  --------  ----------  --------------  -------------------
/opt/airflow/dags/tiki_pipeline_dag.py                           1           0  4.44s           2026-09-26T06:41:44
================================================================================
[2026-09-26T06:42:34.466+0000] {manager.py:879} INFO - 
================================================================================
DAG File Processing Stats

File Path                               PID    Runtime      # DAGs    # Errors  Last Runtime    Last Run
--------------------------------------  -----  ---------  --------  ----------  --------------  -------------------
/opt/airflow/dags/tiki_pipeline_dag.py                           1           0  4.76s           2026-09-26T06:42:19
================================================================================
[2026-09-26T06:42:52.658+0000] {manager.py:738} INFO - Searching for files in /opt/airflow/dags
[2026-09-26T06:42:52.664+0000] {manager.py:741} INFO - There are 1 files in /opt/airflow/dags
[2026-09-26T06:43:04.617+0000] {manager.py:879} INFO - 
================================================================================
DAG File Processing Stats

File Path                               PID    Runtime      # DAGs    # Errors  Last Runtime    Last Run
--------------------------------------  -----  ---------  --------  ----------  --------------  -------------------
/opt/airflow/dags/tiki_pipeline_dag.py                           1           0  4.89s           2026-09-26T06:42:54
================================================================================
[2026-09-26T06:43:34.885+0000] {manager.py:879} INFO - 
================================================================================
DAG File Processing Stats

File Path                               PID    Runtime      # DAGs    # Errors  Last Runtime    Last Run
--------------------------------------  -----  ---------  --------  ----------  --------------  -------------------
/opt/airflow/dags/tiki_pipeline_dag.py                           1           0  4.83s           2026-09-26T06:43:29
================================================================================
[2026-09-26T06:44:05.165+0000] {manager.py:879} INFO - 
================================================================================
DAG File Processing Stats

File Path                               PID    Runtime      # DAGs    # Errors  Last Runtime    Last Run
--------------------------------------  -----  ---------  --------  ----------  --------------  -------------------
/opt/airflow/dags/tiki_pipeline_dag.py                           1           0  4.62s           2026-09-26T06:44:04
================================================================================
[2026-09-26T06:44:35.916+0000] {manager.py:879} INFO - 
================================================================================
DAG File Processing Stats

File Path                                 PID  Runtime      # DAGs    # Errors  Last Runtime    Last Run
--------------------------------------  -----  ---------  --------  ----------  --------------  -------------------
/opt/airflow/dags/tiki_pipeline_dag.py    264  1.00s             1           0  4.62s           2026-09-26T06:44:04
================================================================================
[2026-09-26T06:45:06.700+0000] {manager.py:879} INFO - 
================================================================================
DAG File Processing Stats

File Path                               PID    Runtime      # DAGs    # Errors  Last Runtime    Last Run
--------------------------------------  -----  ---------  --------  ----------  --------------  -------------------
/opt/airflow/dags/tiki_pipeline_dag.py                           1           0  4.28s           2026-09-26T06:44:39
================================================================================
[2026-09-26T06:45:37.545+0000] {manager.py:879} INFO - 
================================================================================
DAG File Processing Stats

File Path                               PID    Runtime      # DAGs    # Errors  Last Runtime    Last Run
--------------------------------------  -----  ---------  --------  ----------  --------------  -------------------
/opt/airflow/dags/tiki_pipeline_dag.py                           1           0  4.78s           2026-09-26T06:45:14
================================================================================
[2026-09-26T06:46:07.836+0000] {manager.py:879} INFO - 
================================================================================
DAG File Processing Stats

File Path                               PID    Runtime      # DAGs    # Errors  Last Runtime    Last Run
--------------------------------------  -----  ---------  --------  ----------  --------------  -------------------
/opt/airflow/dags/tiki_pipeline_dag.py                           1           0  4.76s           2026-09-26T06:45:49
================================================================================
[2026-09-26T06:46:38.182+0000] {manager.py:879} INFO - 
================================================================================
DAG File Processing Stats

File Path                               PID    Runtime      # DAGs    # Errors  Last Runtime    Last Run
--------------------------------------  -----  ---------  --------  ----------  --------------  -------------------
/opt/airflow/dags/tiki_pipeline_dag.py                           1           0  4.23s           2026-09-26T06:46:24
================================================================================
[2026-09-26T06:47:08.394+0000] {manager.py:879} INFO - 
================================================================================
DAG File Processing Stats

File Path                               PID    Runtime      # DAGs    # Errors  Last Runtime    Last Run
--------------------------------------  -----  ---------  --------  ----------  --------------  -------------------
/opt/airflow/dags/tiki_pipeline_dag.py                           1           0  4.68s           2026-09-26T06:46:59
================================================================================
[2026-09-26T06:47:38.765+0000] {manager.py:879} INFO - 
================================================================================
DAG File Processing Stats

File Path                               PID    Runtime      # DAGs    # Errors  Last Runtime    Last Run
--------------------------------------  -----  ---------  --------  ----------  --------------  -------------------
/opt/airflow/dags/tiki_pipeline_dag.py                           1           0  4.66s           2026-09-26T06:47:35
================================================================================
[2026-09-26T06:47:52.805+0000] {manager.py:738} INFO - Searching for files in /opt/airflow/dags
[2026-09-26T06:47:52.819+0000] {manager.py:741} INFO - There are 1 files in /opt/airflow/dags
[2026-09-26T06:48:08.977+0000] {manager.py:879} INFO - 
================================================================================
DAG File Processing Stats

File Path                                 PID  Runtime      # DAGs    # Errors  Last Runtime    Last Run
--------------------------------------  -----  ---------  --------  ----------  --------------  -------------------
/opt/airflow/dags/tiki_pipeline_dag.py    294  3.20s             1           0  4.66s           2026-09-26T06:47:35
================================================================================
[2026-09-26T06:48:25.529+0000] {manager.py:451} INFO - Exiting gracefully upon receiving signal 15
[2026-09-26T06:49:39.853+0000] {manager.py:469} INFO - Processing files using up to 2 processes at a time 
[2026-09-26T06:49:39.854+0000] {manager.py:470} INFO - Process each file at most once every 30 seconds
[2026-09-26T06:49:39.855+0000] {manager.py:471} INFO - Checking for new files in /opt/airflow/dags every 300 seconds
[2026-09-26T06:49:39.856+0000] {manager.py:738} INFO - Searching for files in /opt/airflow/dags
[2026-09-26T06:49:39.864+0000] {manager.py:741} INFO - There are 1 files in /opt/airflow/dags
[2026-09-26T06:49:39.966+0000] {manager.py:879} INFO - 
================================================================================
DAG File Processing Stats

File Path                                 PID  Runtime      # DAGs    # Errors  Last Runtime    Last Run
--------------------------------------  -----  ---------  --------  ----------  --------------  ----------
/opt/airflow/dags/tiki_pipeline_dag.py    163  0.04s             0           0
================================================================================
[2026-09-26T06:50:10.142+0000] {manager.py:879} INFO - 
================================================================================
DAG File Processing Stats

File Path                               PID    Runtime      # DAGs    # Errors  Last Runtime    Last Run
--------------------------------------  -----  ---------  --------  ----------  --------------  -------------------
/opt/airflow/dags/tiki_pipeline_dag.py                           1           0  0.44s           2026-09-26T06:49:40
================================================================================
[2026-09-26T06:50:40.835+0000] {manager.py:879} INFO - 
================================================================================
DAG File Processing Stats

File Path                                 PID  Runtime      # DAGs    # Errors  Last Runtime    Last Run
--------------------------------------  -----  ---------  --------  ----------  --------------  -------------------
/opt/airflow/dags/tiki_pipeline_dag.py    174  0.01s             1           0  0.20s           2026-09-26T06:50:10
================================================================================
[2026-09-26T06:51:11.222+0000] {manager.py:879} INFO - 
================================================================================
DAG File Processing Stats

File Path                                 PID  Runtime      # DAGs    # Errors  Last Runtime    Last Run
--------------------------------------  -----  ---------  --------  ----------  --------------  -------------------
/opt/airflow/dags/tiki_pipeline_dag.py    179  0.00s             1           0  0.24s           2026-09-26T06:50:41
================================================================================
[2026-09-26T06:51:41.548+0000] {manager.py:879} INFO - 
================================================================================
DAG File Processing Stats

File Path                                 PID  Runtime      # DAGs    # Errors  Last Runtime    Last Run
--------------------------------------  -----  ---------  --------  ----------  --------------  -------------------
/opt/airflow/dags/tiki_pipeline_dag.py    184  0.00s             1           0  0.18s           2026-09-26T06:51:11
================================================================================
[2026-09-26T06:52:11.854+0000] {manager.py:879} INFO - 
================================================================================
DAG File Processing Stats

File Path                                 PID  Runtime      # DAGs    # Errors  Last Runtime    Last Run
--------------------------------------  -----  ---------  --------  ----------  --------------  -------------------
/opt/airflow/dags/tiki_pipeline_dag.py    195  0.01s             1           0  0.17s           2026-09-26T06:51:41
================================================================================
[2026-09-26T06:52:42.208+0000] {manager.py:879} INFO - 
================================================================================
DAG File Processing Stats

File Path                                 PID  Runtime      # DAGs    # Errors  Last Runtime    Last Run
--------------------------------------  -----  ---------  --------  ----------  --------------  -------------------
/opt/airflow/dags/tiki_pipeline_dag.py    200  0.01s             1           0  0.13s           2026-09-26T06:52:11
================================================================================
[2026-09-26T06:53:12.418+0000] {manager.py:879} INFO - 
================================================================================
DAG File Processing Stats

File Path                                 PID  Runtime      # DAGs    # Errors  Last Runtime    Last Run
--------------------------------------  -----  ---------  --------  ----------  --------------  -------------------
/opt/airflow/dags/tiki_pipeline_dag.py    205  0.01s             1           0  0.14s           2026-09-26T06:52:42
================================================================================
[2026-09-26T06:53:42.711+0000] {manager.py:879} INFO - 
================================================================================
DAG File Processing Stats

File Path                                 PID  Runtime      # DAGs    # Errors  Last Runtime    Last Run
--------------------------------------  -----  ---------  --------  ----------  --------------  -------------------
/opt/airflow/dags/tiki_pipeline_dag.py    210  0.01s             1           0  0.13s           2026-09-26T06:53:12
================================================================================
[2026-09-26T06:54:13.084+0000] {manager.py:879} INFO - 
================================================================================
DAG File Processing Stats

File Path                                 PID  Runtime      # DAGs    # Errors  Last Runtime    Last Run
--------------------------------------  -----  ---------  --------  ----------  --------------  -------------------
/opt/airflow/dags/tiki_pipeline_dag.py    221  0.00s             1           0  0.13s           2026-09-26T06:53:42
================================================================================
[2026-09-26T06:54:40.277+0000] {manager.py:738} INFO - Searching for files in /opt/airflow/dags
[2026-09-26T06:54:40.283+0000] {manager.py:741} INFO - There are 1 files in /opt/airflow/dags
[2026-09-26T06:54:43.332+0000] {manager.py:879} INFO - 
================================================================================
DAG File Processing Stats

File Path                                 PID  Runtime      # DAGs    # Errors  Last Runtime    Last Run
--------------------------------------  -----  ---------  --------  ----------  --------------  -------------------
/opt/airflow/dags/tiki_pipeline_dag.py    226  0.01s             1           0  0.13s           2026-09-26T06:54:13
================================================================================
[2026-09-26T06:55:13.653+0000] {manager.py:879} INFO - 
================================================================================
DAG File Processing Stats

File Path                                 PID  Runtime      # DAGs    # Errors  Last Runtime    Last Run
--------------------------------------  -----  ---------  --------  ----------  --------------  -------------------
/opt/airflow/dags/tiki_pipeline_dag.py    231  0.00s             1           0  0.15s           2026-09-26T06:54:43
================================================================================
[2026-09-26T06:55:43.959+0000] {manager.py:879} INFO - 
================================================================================
DAG File Processing Stats

File Path                                 PID  Runtime      # DAGs    # Errors  Last Runtime    Last Run
--------------------------------------  -----  ---------  --------  ----------  --------------  -------------------
/opt/airflow/dags/tiki_pipeline_dag.py    236  0.01s             1           0  0.12s           2026-09-26T06:55:13
================================================================================
[2026-09-26T06:56:14.221+0000] {manager.py:879} INFO - 
================================================================================
DAG File Processing Stats

File Path                                 PID  Runtime      # DAGs    # Errors  Last Runtime    Last Run
--------------------------------------  -----  ---------  --------  ----------  --------------  -------------------
/opt/airflow/dags/tiki_pipeline_dag.py    241  0.01s             1           0  0.13s           2026-09-26T06:55:44
================================================================================
[2026-09-26T06:56:44.473+0000] {manager.py:879} INFO - 
================================================================================
DAG File Processing Stats

File Path                                 PID  Runtime      # DAGs    # Errors  Last Runtime    Last Run
--------------------------------------  -----  ---------  --------  ----------  --------------  -------------------
/opt/airflow/dags/tiki_pipeline_dag.py    246  0.01s             1           0  0.13s           2026-09-26T06:56:14
================================================================================
[2026-09-26T06:57:14.801+0000] {manager.py:879} INFO - 
================================================================================
DAG File Processing Stats

File Path                                 PID  Runtime      # DAGs    # Errors  Last Runtime    Last Run
--------------------------------------  -----  ---------  --------  ----------  --------------  -------------------
/opt/airflow/dags/tiki_pipeline_dag.py    251  0.01s             1           0  0.14s           2026-09-26T06:56:44
================================================================================
[2026-09-26T06:57:45.166+0000] {manager.py:879} INFO - 
================================================================================
DAG File Processing Stats

File Path                                 PID  Runtime      # DAGs    # Errors  Last Runtime    Last Run
--------------------------------------  -----  ---------  --------  ----------  --------------  -------------------
/opt/airflow/dags/tiki_pipeline_dag.py    256  0.01s             1           0  0.12s           2026-09-26T06:57:14
================================================================================
[2026-09-26T06:58:15.573+0000] {manager.py:879} INFO - 
================================================================================
DAG File Processing Stats

File Path                                 PID  Runtime      # DAGs    # Errors  Last Runtime    Last Run
--------------------------------------  -----  ---------  --------  ----------  --------------  -------------------
/opt/airflow/dags/tiki_pipeline_dag.py    288  0.01s             1           0  0.16s           2026-09-26T06:57:45
================================================================================
[2026-09-26T06:58:45.908+0000] {manager.py:879} INFO - 
================================================================================
DAG File Processing Stats

File Path                                 PID  Runtime      # DAGs    # Errors  Last Runtime    Last Run
--------------------------------------  -----  ---------  --------  ----------  --------------  -------------------
/opt/airflow/dags/tiki_pipeline_dag.py    321  0.01s             1           0  0.19s           2026-09-26T06:58:15
================================================================================
[2026-09-26T06:59:16.486+0000] {manager.py:879} INFO - 
================================================================================
DAG File Processing Stats

File Path                                 PID  Runtime      # DAGs    # Errors  Last Runtime    Last Run
--------------------------------------  -----  ---------  --------  ----------  --------------  -------------------
/opt/airflow/dags/tiki_pipeline_dag.py    326  0.01s             1           0  0.28s           2026-09-26T06:58:46
================================================================================
[2026-09-26T06:59:40.972+0000] {manager.py:738} INFO - Searching for files in /opt/airflow/dags
[2026-09-26T06:59:40.983+0000] {manager.py:741} INFO - There are 1 files in /opt/airflow/dags
[2026-09-26T06:59:47.058+0000] {manager.py:879} INFO - 
================================================================================
DAG File Processing Stats

File Path                                 PID  Runtime      # DAGs    # Errors  Last Runtime    Last Run
--------------------------------------  -----  ---------  --------  ----------  --------------  -------------------
/opt/airflow/dags/tiki_pipeline_dag.py    331  0.00s             1           0  0.15s           2026-09-26T06:59:16
================================================================================
[2026-09-26T07:00:17.280+0000] {manager.py:879} INFO - 
================================================================================
DAG File Processing Stats

File Path                                 PID  Runtime      # DAGs    # Errors  Last Runtime    Last Run
--------------------------------------  -----  ---------  --------  ----------  --------------  -------------------
/opt/airflow/dags/tiki_pipeline_dag.py    336  0.00s             1           0  0.17s           2026-09-26T06:59:47
================================================================================
[2026-09-26T07:00:47.636+0000] {manager.py:879} INFO - 
================================================================================
DAG File Processing Stats

File Path                                 PID  Runtime      # DAGs    # Errors  Last Runtime    Last Run
--------------------------------------  -----  ---------  --------  ----------  --------------  -------------------
/opt/airflow/dags/tiki_pipeline_dag.py    341  0.00s             1           0  0.13s           2026-09-26T07:00:17
================================================================================
[2026-09-26T07:01:17.921+0000] {manager.py:879} INFO - 
================================================================================
DAG File Processing Stats

File Path                                 PID  Runtime      # DAGs    # Errors  Last Runtime    Last Run
--------------------------------------  -----  ---------  --------  ----------  --------------  -------------------
/opt/airflow/dags/tiki_pipeline_dag.py    346  0.01s             1           0  0.13s           2026-09-26T07:00:47
================================================================================
[2026-09-26T07:01:48.209+0000] {manager.py:879} INFO - 
================================================================================
DAG File Processing Stats

File Path                                 PID  Runtime      # DAGs    # Errors  Last Runtime    Last Run
--------------------------------------  -----  ---------  --------  ----------  --------------  -------------------
/opt/airflow/dags/tiki_pipeline_dag.py    351  0.01s             1           0  0.15s           2026-09-26T07:01:18
================================================================================
[2026-09-26T07:02:18.650+0000] {manager.py:879} INFO - 
================================================================================
DAG File Processing Stats

File Path                                 PID  Runtime      # DAGs    # Errors  Last Runtime    Last Run
--------------------------------------  -----  ---------  --------  ----------  --------------  -------------------
/opt/airflow/dags/tiki_pipeline_dag.py    356  0.00s             1           0  0.18s           2026-09-26T07:01:48
================================================================================
[2026-09-26T07:02:48.934+0000] {manager.py:879} INFO - 
================================================================================
DAG File Processing Stats

File Path                                 PID  Runtime      # DAGs    # Errors  Last Runtime    Last Run
--------------------------------------  -----  ---------  --------  ----------  --------------  -------------------
/opt/airflow/dags/tiki_pipeline_dag.py    361  0.01s             1           0  0.12s           2026-09-26T07:02:18
================================================================================
[2026-09-26T07:03:19.288+0000] {manager.py:879} INFO - 
================================================================================
DAG File Processing Stats

File Path                                 PID  Runtime      # DAGs    # Errors  Last Runtime    Last Run
--------------------------------------  -----  ---------  --------  ----------  --------------  -------------------
/opt/airflow/dags/tiki_pipeline_dag.py    366  0.00s             1           0  0.14s           2026-09-26T07:02:49
================================================================================
[2026-09-26T07:03:49.497+0000] {manager.py:879} INFO - 
================================================================================
DAG File Processing Stats

File Path                                 PID  Runtime      # DAGs    # Errors  Last Runtime    Last Run
--------------------------------------  -----  ---------  --------  ----------  --------------  -------------------
/opt/airflow/dags/tiki_pipeline_dag.py    371  0.00s             1           0  0.13s           2026-09-26T07:03:19
================================================================================
[2026-09-26T07:04:19.786+0000] {manager.py:879} INFO - 
================================================================================
DAG File Processing Stats

File Path                                 PID  Runtime      # DAGs    # Errors  Last Runtime    Last Run
--------------------------------------  -----  ---------  --------  ----------  --------------  -------------------
/opt/airflow/dags/tiki_pipeline_dag.py    376  0.01s             1           0  0.12s           2026-09-26T07:03:49
================================================================================
[2026-09-26T10:52:06.312+0000] {manager.py:469} INFO - Processing files using up to 2 processes at a time 
[2026-09-26T10:52:06.314+0000] {manager.py:470} INFO - Process each file at most once every 30 seconds
[2026-09-26T10:52:06.315+0000] {manager.py:471} INFO - Checking for new files in /opt/airflow/dags every 300 seconds
[2026-09-26T10:52:06.316+0000] {manager.py:738} INFO - Searching for files in /opt/airflow/dags
[2026-09-26T10:52:06.324+0000] {manager.py:741} INFO - There are 1 files in /opt/airflow/dags
[2026-09-26T10:52:06.504+0000] {manager.py:879} INFO - 
================================================================================
DAG File Processing Stats

File Path                                 PID  Runtime      # DAGs    # Errors  Last Runtime    Last Run
--------------------------------------  -----  ---------  --------  ----------  --------------  ----------
/opt/airflow/dags/tiki_pipeline_dag.py    163  0.09s             0           0
================================================================================
[2026-09-26T10:52:36.680+0000] {manager.py:879} INFO - 
================================================================================
DAG File Processing Stats

File Path                               PID    Runtime      # DAGs    # Errors  Last Runtime    Last Run
--------------------------------------  -----  ---------  --------  ----------  --------------  -------------------
/opt/airflow/dags/tiki_pipeline_dag.py                           1           0  0.29s           2026-09-26T10:52:06
================================================================================
[2026-09-26T10:53:07.048+0000] {manager.py:879} INFO - 
================================================================================
DAG File Processing Stats

File Path                               PID    Runtime      # DAGs    # Errors  Last Runtime    Last Run
--------------------------------------  -----  ---------  --------  ----------  --------------  -------------------
/opt/airflow/dags/tiki_pipeline_dag.py                           1           0  0.39s           2026-09-26T10:52:37
================================================================================
[2026-09-26T10:53:37.616+0000] {manager.py:879} INFO - 
================================================================================
DAG File Processing Stats

File Path                                 PID  Runtime      # DAGs    # Errors  Last Runtime    Last Run
--------------------------------------  -----  ---------  --------  ----------  --------------  -------------------
/opt/airflow/dags/tiki_pipeline_dag.py    234  0.01s             1           0  0.15s           2026-09-26T10:53:07
================================================================================
[2026-09-26T10:54:07.866+0000] {manager.py:879} INFO - 
================================================================================
DAG File Processing Stats

File Path                                 PID  Runtime      # DAGs    # Errors  Last Runtime    Last Run
--------------------------------------  -----  ---------  --------  ----------  --------------  -------------------
/opt/airflow/dags/tiki_pipeline_dag.py    239  0.01s             1           0  0.13s           2026-09-26T10:53:37
================================================================================
[2026-09-26T10:54:38.153+0000] {manager.py:879} INFO - 
================================================================================
DAG File Processing Stats

File Path                                 PID  Runtime      # DAGs    # Errors  Last Runtime    Last Run
--------------------------------------  -----  ---------  --------  ----------  --------------  -------------------
/opt/airflow/dags/tiki_pipeline_dag.py    244  0.00s             1           0  0.12s           2026-09-26T10:54:07
================================================================================
[2026-09-26T10:55:08.428+0000] {manager.py:879} INFO - 
================================================================================
DAG File Processing Stats

File Path                                 PID  Runtime      # DAGs    # Errors  Last Runtime    Last Run
--------------------------------------  -----  ---------  --------  ----------  --------------  -------------------
/opt/airflow/dags/tiki_pipeline_dag.py    249  0.01s             1           0  0.13s           2026-09-26T10:54:38
================================================================================
[2026-09-26T10:55:38.683+0000] {manager.py:879} INFO - 
================================================================================
DAG File Processing Stats

File Path                                 PID  Runtime      # DAGs    # Errors  Last Runtime    Last Run
--------------------------------------  -----  ---------  --------  ----------  --------------  -------------------
/opt/airflow/dags/tiki_pipeline_dag.py    254  0.00s             1           0  0.17s           2026-09-26T10:55:08
================================================================================
[2026-09-26T10:56:08.950+0000] {manager.py:879} INFO - 
================================================================================
DAG File Processing Stats

File Path                                 PID  Runtime      # DAGs    # Errors  Last Runtime    Last Run
--------------------------------------  -----  ---------  --------  ----------  --------------  -------------------
/opt/airflow/dags/tiki_pipeline_dag.py    259  0.01s             1           0  0.13s           2026-09-26T10:55:38
================================================================================
[2026-09-26T10:56:39.234+0000] {manager.py:879} INFO - 
================================================================================
DAG File Processing Stats

File Path                                 PID  Runtime      # DAGs    # Errors  Last Runtime    Last Run
--------------------------------------  -----  ---------  --------  ----------  --------------  -------------------
/opt/airflow/dags/tiki_pipeline_dag.py    264  0.00s             1           0  0.19s           2026-09-26T10:56:09
================================================================================
[2026-09-26T10:57:06.553+0000] {manager.py:738} INFO - Searching for files in /opt/airflow/dags
[2026-09-26T10:57:06.563+0000] {manager.py:741} INFO - There are 1 files in /opt/airflow/dags
[2026-09-26T10:57:09.606+0000] {manager.py:879} INFO - 
================================================================================
DAG File Processing Stats

File Path                                 PID  Runtime      # DAGs    # Errors  Last Runtime    Last Run
--------------------------------------  -----  ---------  --------  ----------  --------------  -------------------
/opt/airflow/dags/tiki_pipeline_dag.py    269  0.00s             1           0  0.15s           2026-09-26T10:56:39
================================================================================
[2026-09-26T10:57:39.868+0000] {manager.py:879} INFO - 
================================================================================
DAG File Processing Stats

File Path                                 PID  Runtime      # DAGs    # Errors  Last Runtime    Last Run
--------------------------------------  -----  ---------  --------  ----------  --------------  -------------------
/opt/airflow/dags/tiki_pipeline_dag.py    274  0.01s             1           0  0.15s           2026-09-26T10:57:09
================================================================================
[2026-09-26T10:58:10.130+0000] {manager.py:879} INFO - 
================================================================================
DAG File Processing Stats

File Path                                 PID  Runtime      # DAGs    # Errors  Last Runtime    Last Run
--------------------------------------  -----  ---------  --------  ----------  --------------  -------------------
/opt/airflow/dags/tiki_pipeline_dag.py    279  0.00s             1           0  0.12s           2026-09-26T10:57:39
================================================================================
[2026-09-26T10:58:40.454+0000] {manager.py:879} INFO - 
================================================================================
DAG File Processing Stats

File Path                                 PID  Runtime      # DAGs    # Errors  Last Runtime    Last Run
--------------------------------------  -----  ---------  --------  ----------  --------------  -------------------
/opt/airflow/dags/tiki_pipeline_dag.py    284  0.01s             1           0  0.27s           2026-09-26T10:58:10
================================================================================
[2026-09-26T10:59:10.849+0000] {manager.py:879} INFO - 
================================================================================
DAG File Processing Stats

File Path                                 PID  Runtime      # DAGs    # Errors  Last Runtime    Last Run
--------------------------------------  -----  ---------  --------  ----------  --------------  -------------------
/opt/airflow/dags/tiki_pipeline_dag.py    289  0.01s             1           0  0.36s           2026-09-26T10:58:40
================================================================================
[2026-09-26T10:59:41.104+0000] {manager.py:879} INFO - 
================================================================================
DAG File Processing Stats

File Path                                 PID  Runtime      # DAGs    # Errors  Last Runtime    Last Run
--------------------------------------  -----  ---------  --------  ----------  --------------  -------------------
/opt/airflow/dags/tiki_pipeline_dag.py    294  0.01s             1           0  0.14s           2026-09-26T10:59:10
================================================================================
[2026-09-26T11:00:11.499+0000] {manager.py:879} INFO - 
================================================================================
DAG File Processing Stats

File Path                                 PID  Runtime      # DAGs    # Errors  Last Runtime    Last Run
--------------------------------------  -----  ---------  --------  ----------  --------------  -------------------
/opt/airflow/dags/tiki_pipeline_dag.py    299  0.00s             1           0  0.23s           2026-09-26T10:59:41
================================================================================
[2026-09-26T11:00:41.808+0000] {manager.py:879} INFO - 
================================================================================
DAG File Processing Stats

File Path                                 PID  Runtime      # DAGs    # Errors  Last Runtime    Last Run
--------------------------------------  -----  ---------  --------  ----------  --------------  -------------------
/opt/airflow/dags/tiki_pipeline_dag.py    304  0.01s             1           0  0.16s           2026-09-26T11:00:11
================================================================================
[2026-09-26T11:01:12.177+0000] {manager.py:879} INFO - 
================================================================================
DAG File Processing Stats

File Path                                 PID  Runtime      # DAGs    # Errors  Last Runtime    Last Run
--------------------------------------  -----  ---------  --------  ----------  --------------  -------------------
/opt/airflow/dags/tiki_pipeline_dag.py    309  0.00s             1           0  0.12s           2026-09-26T11:00:41
================================================================================
[2026-09-26T11:01:42.460+0000] {manager.py:879} INFO - 
================================================================================
DAG File Processing Stats

File Path                                 PID  Runtime      # DAGs    # Errors  Last Runtime    Last Run
--------------------------------------  -----  ---------  --------  ----------  --------------  -------------------
/opt/airflow/dags/tiki_pipeline_dag.py    314  0.00s             1           0  0.16s           2026-09-26T11:01:12
================================================================================
[2026-09-26T11:02:06.751+0000] {manager.py:738} INFO - Searching for files in /opt/airflow/dags
[2026-09-26T11:02:06.767+0000] {manager.py:741} INFO - There are 1 files in /opt/airflow/dags
[2026-09-26T11:02:12.848+0000] {manager.py:879} INFO - 
================================================================================
DAG File Processing Stats

File Path                                 PID  Runtime      # DAGs    # Errors  Last Runtime    Last Run
--------------------------------------  -----  ---------  --------  ----------  --------------  -------------------
/opt/airflow/dags/tiki_pipeline_dag.py    319  0.00s             1           0  0.13s           2026-09-26T11:01:42
================================================================================
[2026-09-26T11:02:43.093+0000] {manager.py:879} INFO - 
================================================================================
DAG File Processing Stats

File Path                                 PID  Runtime      # DAGs    # Errors  Last Runtime    Last Run
--------------------------------------  -----  ---------  --------  ----------  --------------  -------------------
/opt/airflow/dags/tiki_pipeline_dag.py    324  0.00s             1           0  0.11s           2026-09-26T11:02:12
================================================================================
[2026-09-26T11:03:13.418+0000] {manager.py:879} INFO - 
================================================================================
DAG File Processing Stats

File Path                                 PID  Runtime      # DAGs    # Errors  Last Runtime    Last Run
--------------------------------------  -----  ---------  --------  ----------  --------------  -------------------
/opt/airflow/dags/tiki_pipeline_dag.py    329  0.01s             1           0  0.12s           2026-09-26T11:02:43
================================================================================
[2026-09-26T11:03:43.643+0000] {manager.py:879} INFO - 
================================================================================
DAG File Processing Stats

File Path                                 PID  Runtime      # DAGs    # Errors  Last Runtime    Last Run
--------------------------------------  -----  ---------  --------  ----------  --------------  -------------------
/opt/airflow/dags/tiki_pipeline_dag.py    334  0.01s             1           0  0.13s           2026-09-26T11:03:13
================================================================================
[2026-09-26T11:04:13.990+0000] {manager.py:879} INFO - 
================================================================================
DAG File Processing Stats

File Path                                 PID  Runtime      # DAGs    # Errors  Last Runtime    Last Run
--------------------------------------  -----  ---------  --------  ----------  --------------  -------------------
/opt/airflow/dags/tiki_pipeline_dag.py    339  0.00s             1           0  0.13s           2026-09-26T11:03:43
================================================================================
[2026-09-26T11:04:44.290+0000] {manager.py:879} INFO - 
================================================================================
DAG File Processing Stats

File Path                                 PID  Runtime      # DAGs    # Errors  Last Runtime    Last Run
--------------------------------------  -----  ---------  --------  ----------  --------------  -------------------
/opt/airflow/dags/tiki_pipeline_dag.py    344  0.01s             1           0  0.11s           2026-09-26T11:04:14
================================================================================
[2026-09-26T11:05:14.663+0000] {manager.py:879} INFO - 
================================================================================
DAG File Processing Stats

File Path                                 PID  Runtime      # DAGs    # Errors  Last Runtime    Last Run
--------------------------------------  -----  ---------  --------  ----------  --------------  -------------------
/opt/airflow/dags/tiki_pipeline_dag.py    349  0.01s             1           0  0.13s           2026-09-26T11:04:44
================================================================================
[2026-09-26T11:05:44.936+0000] {manager.py:879} INFO - 
================================================================================
DAG File Processing Stats

File Path                                 PID  Runtime      # DAGs    # Errors  Last Runtime    Last Run
--------------------------------------  -----  ---------  --------  ----------  --------------  -------------------
/opt/airflow/dags/tiki_pipeline_dag.py    354  0.01s             1           0  0.15s           2026-09-26T11:05:14
================================================================================
[2026-09-26T11:06:15.330+0000] {manager.py:879} INFO - 
================================================================================
DAG File Processing Stats

File Path                                 PID  Runtime      # DAGs    # Errors  Last Runtime    Last Run
--------------------------------------  -----  ---------  --------  ----------  --------------  -------------------
/opt/airflow/dags/tiki_pipeline_dag.py    359  0.00s             1           0  0.13s           2026-09-26T11:05:45
================================================================================
[2026-09-26T11:06:45.830+0000] {manager.py:879} INFO - 
================================================================================
DAG File Processing Stats

File Path                                 PID  Runtime      # DAGs    # Errors  Last Runtime    Last Run
--------------------------------------  -----  ---------  --------  ----------  --------------  -------------------
/opt/airflow/dags/tiki_pipeline_dag.py    364  0.00s             1           0  0.14s           2026-09-26T11:06:15
================================================================================
[2026-09-26T11:07:07.004+0000] {manager.py:738} INFO - Searching for files in /opt/airflow/dags
[2026-09-26T11:07:07.021+0000] {manager.py:741} INFO - There are 1 files in /opt/airflow/dags
[2026-09-26T11:07:16.154+0000] {manager.py:879} INFO - 
================================================================================
DAG File Processing Stats

File Path                                 PID  Runtime      # DAGs    # Errors  Last Runtime    Last Run
--------------------------------------  -----  ---------  --------  ----------  --------------  -------------------
/opt/airflow/dags/tiki_pipeline_dag.py    369  0.00s             1           0  0.16s           2026-09-26T11:06:45
================================================================================
[2026-09-26T11:07:46.411+0000] {manager.py:879} INFO - 
================================================================================
DAG File Processing Stats

File Path                                 PID  Runtime      # DAGs    # Errors  Last Runtime    Last Run
--------------------------------------  -----  ---------  --------  ----------  --------------  -------------------
/opt/airflow/dags/tiki_pipeline_dag.py    374  0.01s             1           0  0.17s           2026-09-26T11:07:16
================================================================================
[2026-09-26T11:08:16.786+0000] {manager.py:879} INFO - 
================================================================================
DAG File Processing Stats

File Path                                 PID  Runtime      # DAGs    # Errors  Last Runtime    Last Run
--------------------------------------  -----  ---------  --------  ----------  --------------  -------------------
/opt/airflow/dags/tiki_pipeline_dag.py    379  0.01s             1           0  0.15s           2026-09-26T11:07:46
================================================================================
[2026-09-26T11:08:47.025+0000] {manager.py:879} INFO - 
================================================================================
DAG File Processing Stats

File Path                                 PID  Runtime      # DAGs    # Errors  Last Runtime    Last Run
--------------------------------------  -----  ---------  --------  ----------  --------------  -------------------
/opt/airflow/dags/tiki_pipeline_dag.py    384  0.00s             1           0  0.13s           2026-09-26T11:08:16
================================================================================
[2026-09-26T11:09:17.318+0000] {manager.py:879} INFO - 
================================================================================
DAG File Processing Stats

File Path                                 PID  Runtime      # DAGs    # Errors  Last Runtime    Last Run
--------------------------------------  -----  ---------  --------  ----------  --------------  -------------------
/opt/airflow/dags/tiki_pipeline_dag.py    389  0.01s             1           0  0.14s           2026-09-26T11:08:47
================================================================================
[2026-09-26T11:09:47.651+0000] {manager.py:879} INFO - 
================================================================================
DAG File Processing Stats

File Path                                 PID  Runtime      # DAGs    # Errors  Last Runtime    Last Run
--------------------------------------  -----  ---------  --------  ----------  --------------  -------------------
/opt/airflow/dags/tiki_pipeline_dag.py    394  0.00s             1           0  0.13s           2026-09-26T11:09:17
================================================================================
[2026-09-26T11:10:18.098+0000] {manager.py:879} INFO - 
================================================================================
DAG File Processing Stats

File Path                                 PID  Runtime      # DAGs    # Errors  Last Runtime    Last Run
--------------------------------------  -----  ---------  --------  ----------  --------------  -------------------
/opt/airflow/dags/tiki_pipeline_dag.py    399  0.00s             1           0  0.14s           2026-09-26T11:09:47
================================================================================
[2026-09-26T11:10:48.401+0000] {manager.py:879} INFO - 
================================================================================
DAG File Processing Stats

File Path                                 PID  Runtime      # DAGs    # Errors  Last Runtime    Last Run
--------------------------------------  -----  ---------  --------  ----------  --------------  -------------------
/opt/airflow/dags/tiki_pipeline_dag.py    404  0.01s             1           0  0.15s           2026-09-26T11:10:18
================================================================================
[2026-09-26T11:11:18.782+0000] {manager.py:879} INFO - 
================================================================================
DAG File Processing Stats

File Path                                 PID  Runtime      # DAGs    # Errors  Last Runtime    Last Run
--------------------------------------  -----  ---------  --------  ----------  --------------  -------------------
/opt/airflow/dags/tiki_pipeline_dag.py    409  0.01s             1           0  0.13s           2026-09-26T11:10:48
================================================================================
[2026-09-26T11:11:49.059+0000] {manager.py:879} INFO - 
================================================================================
DAG File Processing Stats

File Path                                 PID  Runtime      # DAGs    # Errors  Last Runtime    Last Run
--------------------------------------  -----  ---------  --------  ----------  --------------  -------------------
/opt/airflow/dags/tiki_pipeline_dag.py    414  0.01s             1           0  0.15s           2026-09-26T11:11:18
================================================================================
[2026-09-26T11:12:07.296+0000] {manager.py:738} INFO - Searching for files in /opt/airflow/dags
[2026-09-26T11:12:07.311+0000] {manager.py:741} INFO - There are 1 files in /opt/airflow/dags
[2026-09-26T11:12:19.437+0000] {manager.py:879} INFO - 
================================================================================
DAG File Processing Stats

File Path                                 PID  Runtime      # DAGs    # Errors  Last Runtime    Last Run
--------------------------------------  -----  ---------  --------  ----------  --------------  -------------------
/opt/airflow/dags/tiki_pipeline_dag.py    419  0.00s             1           0  0.16s           2026-09-26T11:11:49
================================================================================
[2026-09-26T11:12:49.684+0000] {manager.py:879} INFO - 
================================================================================
DAG File Processing Stats

File Path                                 PID  Runtime      # DAGs    # Errors  Last Runtime    Last Run
--------------------------------------  -----  ---------  --------  ----------  --------------  -------------------
/opt/airflow/dags/tiki_pipeline_dag.py    424  0.00s             1           0  0.13s           2026-09-26T11:12:19
================================================================================
[2026-09-26T11:13:20.009+0000] {manager.py:879} INFO - 
================================================================================
DAG File Processing Stats

File Path                               PID    Runtime      # DAGs    # Errors  Last Runtime    Last Run
--------------------------------------  -----  ---------  --------  ----------  --------------  -------------------
/opt/airflow/dags/tiki_pipeline_dag.py                           1           0  0.35s           2026-09-26T11:12:50
================================================================================
[2026-09-26T11:13:50.562+0000] {manager.py:879} INFO - 
================================================================================
DAG File Processing Stats

File Path                                 PID  Runtime      # DAGs    # Errors  Last Runtime    Last Run
--------------------------------------  -----  ---------  --------  ----------  --------------  -------------------
/opt/airflow/dags/tiki_pipeline_dag.py    434  0.00s             1           0  0.17s           2026-09-26T11:13:20
================================================================================
[2026-09-26T11:14:20.911+0000] {manager.py:879} INFO - 
================================================================================
DAG File Processing Stats

File Path                                 PID  Runtime      # DAGs    # Errors  Last Runtime    Last Run
--------------------------------------  -----  ---------  --------  ----------  --------------  -------------------
/opt/airflow/dags/tiki_pipeline_dag.py    439  0.01s             1           0  0.14s           2026-09-26T11:13:50
================================================================================
[2026-09-26T11:14:51.159+0000] {manager.py:879} INFO - 
================================================================================
DAG File Processing Stats

File Path                                 PID  Runtime      # DAGs    # Errors  Last Runtime    Last Run
--------------------------------------  -----  ---------  --------  ----------  --------------  -------------------
/opt/airflow/dags/tiki_pipeline_dag.py    444  0.00s             1           0  0.12s           2026-09-26T11:14:21
================================================================================
[2026-09-26T11:15:21.489+0000] {manager.py:879} INFO - 
================================================================================
DAG File Processing Stats

File Path                                 PID  Runtime      # DAGs    # Errors  Last Runtime    Last Run
--------------------------------------  -----  ---------  --------  ----------  --------------  -------------------
/opt/airflow/dags/tiki_pipeline_dag.py    449  0.00s             1           0  0.15s           2026-09-26T11:14:51
================================================================================
[2026-09-26T11:15:51.786+0000] {manager.py:879} INFO - 
================================================================================
DAG File Processing Stats

File Path                                 PID  Runtime      # DAGs    # Errors  Last Runtime    Last Run
--------------------------------------  -----  ---------  --------  ----------  --------------  -------------------
/opt/airflow/dags/tiki_pipeline_dag.py    454  0.01s             1           0  0.16s           2026-09-26T11:15:21
================================================================================
[2026-09-26T11:16:22.150+0000] {manager.py:879} INFO - 
================================================================================
DAG File Processing Stats

File Path                                 PID  Runtime      # DAGs    # Errors  Last Runtime    Last Run
--------------------------------------  -----  ---------  --------  ----------  --------------  -------------------
/opt/airflow/dags/tiki_pipeline_dag.py    459  0.01s             1           0  0.13s           2026-09-26T11:15:51
================================================================================
[2026-09-26T11:16:52.422+0000] {manager.py:879} INFO - 
================================================================================
DAG File Processing Stats

File Path                                 PID  Runtime      # DAGs    # Errors  Last Runtime    Last Run
--------------------------------------  -----  ---------  --------  ----------  --------------  -------------------
/opt/airflow/dags/tiki_pipeline_dag.py    464  0.01s             1           0  0.13s           2026-09-26T11:16:22
================================================================================
[2026-09-26T11:17:07.594+0000] {manager.py:738} INFO - Searching for files in /opt/airflow/dags
[2026-09-26T11:17:07.599+0000] {manager.py:741} INFO - There are 1 files in /opt/airflow/dags
[2026-09-26T11:17:22.756+0000] {manager.py:879} INFO - 
================================================================================
DAG File Processing Stats

File Path                                 PID  Runtime      # DAGs    # Errors  Last Runtime    Last Run
--------------------------------------  -----  ---------  --------  ----------  --------------  -------------------
/opt/airflow/dags/tiki_pipeline_dag.py    469  0.01s             1           0  0.14s           2026-09-26T11:16:52
================================================================================
[2026-09-26T11:17:53.067+0000] {manager.py:879} INFO - 
================================================================================
DAG File Processing Stats

File Path                                 PID  Runtime      # DAGs    # Errors  Last Runtime    Last Run
--------------------------------------  -----  ---------  --------  ----------  --------------  -------------------
/opt/airflow/dags/tiki_pipeline_dag.py    474  0.01s             1           0  0.14s           2026-09-26T11:17:22
================================================================================
[2026-09-26T11:18:23.465+0000] {manager.py:879} INFO - 
================================================================================
DAG File Processing Stats

File Path                                 PID  Runtime      # DAGs    # Errors  Last Runtime    Last Run
--------------------------------------  -----  ---------  --------  ----------  --------------  -------------------
/opt/airflow/dags/tiki_pipeline_dag.py    479  0.01s             1           0  0.12s           2026-09-26T11:17:53
================================================================================
[2026-09-26T11:18:53.714+0000] {manager.py:879} INFO - 
================================================================================
DAG File Processing Stats

File Path                                 PID  Runtime      # DAGs    # Errors  Last Runtime    Last Run
--------------------------------------  -----  ---------  --------  ----------  --------------  -------------------
/opt/airflow/dags/tiki_pipeline_dag.py    484  0.01s             1           0  0.13s           2026-09-26T11:18:23
================================================================================
[2026-09-26T11:19:24.101+0000] {manager.py:879} INFO - 
================================================================================
DAG File Processing Stats

File Path                                 PID  Runtime      # DAGs    # Errors  Last Runtime    Last Run
--------------------------------------  -----  ---------  --------  ----------  --------------  -------------------
/opt/airflow/dags/tiki_pipeline_dag.py    489  0.00s             1           0  0.20s           2026-09-26T11:18:53
================================================================================
[2026-09-26T11:19:54.364+0000] {manager.py:879} INFO - 
================================================================================
DAG File Processing Stats

File Path                                 PID  Runtime      # DAGs    # Errors  Last Runtime    Last Run
--------------------------------------  -----  ---------  --------  ----------  --------------  -------------------
/opt/airflow/dags/tiki_pipeline_dag.py    494  0.00s             1           0  0.11s           2026-09-26T11:19:24
================================================================================
[2026-09-26T11:20:24.693+0000] {manager.py:879} INFO - 
================================================================================
DAG File Processing Stats

File Path                                 PID  Runtime      # DAGs    # Errors  Last Runtime    Last Run
--------------------------------------  -----  ---------  --------  ----------  --------------  -------------------
/opt/airflow/dags/tiki_pipeline_dag.py    499  0.00s             1           0  0.13s           2026-09-26T11:19:54
================================================================================
[2026-09-26T11:20:54.970+0000] {manager.py:879} INFO - 
================================================================================
DAG File Processing Stats

File Path                                 PID  Runtime      # DAGs    # Errors  Last Runtime    Last Run
--------------------------------------  -----  ---------  --------  ----------  --------------  -------------------
/opt/airflow/dags/tiki_pipeline_dag.py    504  0.01s             1           0  0.12s           2026-09-26T11:20:24
================================================================================
[2026-09-26T11:21:25.241+0000] {manager.py:879} INFO - 
================================================================================
DAG File Processing Stats

File Path                                 PID  Runtime      # DAGs    # Errors  Last Runtime    Last Run
--------------------------------------  -----  ---------  --------  ----------  --------------  -------------------
/opt/airflow/dags/tiki_pipeline_dag.py    509  0.01s             1           0  0.13s           2026-09-26T11:20:55
================================================================================
[2026-09-26T11:21:55.570+0000] {manager.py:879} INFO - 
================================================================================
DAG File Processing Stats

File Path                                 PID  Runtime      # DAGs    # Errors  Last Runtime    Last Run
--------------------------------------  -----  ---------  --------  ----------  --------------  -------------------
/opt/airflow/dags/tiki_pipeline_dag.py    514  0.00s             1           0  0.12s           2026-09-26T11:21:25
================================================================================
[2026-09-26T11:22:07.706+0000] {manager.py:738} INFO - Searching for files in /opt/airflow/dags
[2026-09-26T11:22:07.717+0000] {manager.py:741} INFO - There are 1 files in /opt/airflow/dags
[2026-09-26T11:22:25.929+0000] {manager.py:879} INFO - 
================================================================================
DAG File Processing Stats

File Path                                 PID  Runtime      # DAGs    # Errors  Last Runtime    Last Run
--------------------------------------  -----  ---------  --------  ----------  --------------  -------------------
/opt/airflow/dags/tiki_pipeline_dag.py    519  0.01s             1           0  0.11s           2026-09-26T11:21:55
================================================================================
[2026-09-26T11:22:56.251+0000] {manager.py:879} INFO - 
================================================================================
DAG File Processing Stats

File Path                                 PID  Runtime      # DAGs    # Errors  Last Runtime    Last Run
--------------------------------------  -----  ---------  --------  ----------  --------------  -------------------
/opt/airflow/dags/tiki_pipeline_dag.py    524  0.00s             1           0  0.12s           2026-09-26T11:22:26
================================================================================
[2026-09-26T11:23:26.527+0000] {manager.py:879} INFO - 
================================================================================
DAG File Processing Stats

File Path                                 PID  Runtime      # DAGs    # Errors  Last Runtime    Last Run
--------------------------------------  -----  ---------  --------  ----------  --------------  -------------------
/opt/airflow/dags/tiki_pipeline_dag.py    529  0.00s             1           0  0.12s           2026-09-26T11:22:56
================================================================================
[2026-09-26T11:23:56.895+0000] {manager.py:879} INFO - 
================================================================================
DAG File Processing Stats

File Path                                 PID  Runtime      # DAGs    # Errors  Last Runtime    Last Run
--------------------------------------  -----  ---------  --------  ----------  --------------  -------------------
/opt/airflow/dags/tiki_pipeline_dag.py    534  0.01s             1           0  0.11s           2026-09-26T11:23:26
================================================================================
[2026-09-26T11:24:27.232+0000] {manager.py:879} INFO - 
================================================================================
DAG File Processing Stats

File Path                                 PID  Runtime      # DAGs    # Errors  Last Runtime    Last Run
--------------------------------------  -----  ---------  --------  ----------  --------------  -------------------
/opt/airflow/dags/tiki_pipeline_dag.py    539  0.01s             1           0  0.13s           2026-09-26T11:23:57
================================================================================
[2026-09-26T11:24:57.511+0000] {manager.py:879} INFO - 
================================================================================
DAG File Processing Stats

File Path                                 PID  Runtime      # DAGs    # Errors  Last Runtime    Last Run
--------------------------------------  -----  ---------  --------  ----------  --------------  -------------------
/opt/airflow/dags/tiki_pipeline_dag.py    544  0.00s             1           0  0.12s           2026-09-26T11:24:27
================================================================================
[2026-09-26T11:25:27.881+0000] {manager.py:879} INFO - 
================================================================================
DAG File Processing Stats

File Path                                 PID  Runtime      # DAGs    # Errors  Last Runtime    Last Run
--------------------------------------  -----  ---------  --------  ----------  --------------  -------------------
/opt/airflow/dags/tiki_pipeline_dag.py    549  0.01s             1           0  0.12s           2026-09-26T11:24:57
================================================================================
[2026-09-26T11:25:58.179+0000] {manager.py:879} INFO - 
================================================================================
DAG File Processing Stats

File Path                                 PID  Runtime      # DAGs    # Errors  Last Runtime    Last Run
--------------------------------------  -----  ---------  --------  ----------  --------------  -------------------
/opt/airflow/dags/tiki_pipeline_dag.py    554  0.00s             1           0  0.12s           2026-09-26T11:25:27
================================================================================
[2026-09-26T11:26:28.481+0000] {manager.py:879} INFO - 
================================================================================
DAG File Processing Stats

File Path                                 PID  Runtime      # DAGs    # Errors  Last Runtime    Last Run
--------------------------------------  -----  ---------  --------  ----------  --------------  -------------------
/opt/airflow/dags/tiki_pipeline_dag.py    559  0.00s             1           0  0.15s           2026-09-26T11:25:58
================================================================================
[2026-09-26T11:26:58.727+0000] {manager.py:879} INFO - 
================================================================================
DAG File Processing Stats

File Path                                 PID  Runtime      # DAGs    # Errors  Last Runtime    Last Run
--------------------------------------  -----  ---------  --------  ----------  --------------  -------------------
/opt/airflow/dags/tiki_pipeline_dag.py    564  0.00s             1           0  0.16s           2026-09-26T11:26:28
================================================================================
[2026-09-26T11:27:07.996+0000] {manager.py:738} INFO - Searching for files in /opt/airflow/dags
[2026-09-26T11:27:08.011+0000] {manager.py:741} INFO - There are 1 files in /opt/airflow/dags
[2026-09-26T11:27:29.219+0000] {manager.py:879} INFO - 
================================================================================
DAG File Processing Stats

File Path                                 PID  Runtime      # DAGs    # Errors  Last Runtime    Last Run
--------------------------------------  -----  ---------  --------  ----------  --------------  -------------------
/opt/airflow/dags/tiki_pipeline_dag.py    569  0.00s             1           0  0.16s           2026-09-26T11:26:58
================================================================================
[2026-09-26T11:27:59.481+0000] {manager.py:879} INFO - 
================================================================================
DAG File Processing Stats

File Path                                 PID  Runtime      # DAGs    # Errors  Last Runtime    Last Run
--------------------------------------  -----  ---------  --------  ----------  --------------  -------------------
/opt/airflow/dags/tiki_pipeline_dag.py    574  0.00s             1           0  0.12s           2026-09-26T11:27:29
================================================================================
[2026-09-26T11:28:29.783+0000] {manager.py:879} INFO - 
================================================================================
DAG File Processing Stats

File Path                                 PID  Runtime      # DAGs    # Errors  Last Runtime    Last Run
--------------------------------------  -----  ---------  --------  ----------  --------------  -------------------
/opt/airflow/dags/tiki_pipeline_dag.py    579  0.00s             1           0  0.17s           2026-09-26T11:27:59
================================================================================
[2026-09-26T11:29:00.159+0000] {manager.py:879} INFO - 
================================================================================
DAG File Processing Stats

File Path                                 PID  Runtime      # DAGs    # Errors  Last Runtime    Last Run
--------------------------------------  -----  ---------  --------  ----------  --------------  -------------------
/opt/airflow/dags/tiki_pipeline_dag.py    584  0.01s             1           0  0.14s           2026-09-26T11:28:29
================================================================================
[2026-09-26T11:29:30.504+0000] {manager.py:879} INFO - 
================================================================================
DAG File Processing Stats

File Path                                 PID  Runtime      # DAGs    # Errors  Last Runtime    Last Run
--------------------------------------  -----  ---------  --------  ----------  --------------  -------------------
/opt/airflow/dags/tiki_pipeline_dag.py    589  0.00s             1           0  0.13s           2026-09-26T11:29:00
================================================================================
[2026-09-26T11:30:00.740+0000] {manager.py:879} INFO - 
================================================================================
DAG File Processing Stats

File Path                                 PID  Runtime      # DAGs    # Errors  Last Runtime    Last Run
--------------------------------------  -----  ---------  --------  ----------  --------------  -------------------
/opt/airflow/dags/tiki_pipeline_dag.py    594  0.01s             1           0  0.16s           2026-09-26T11:29:30
================================================================================
[2026-09-26T11:30:30.986+0000] {manager.py:879} INFO - 
================================================================================
DAG File Processing Stats

File Path                                 PID  Runtime      # DAGs    # Errors  Last Runtime    Last Run
--------------------------------------  -----  ---------  --------  ----------  --------------  -------------------
/opt/airflow/dags/tiki_pipeline_dag.py    599  0.00s             1           0  0.12s           2026-09-26T11:30:00
================================================================================
[2026-09-26T11:31:01.366+0000] {manager.py:879} INFO - 
================================================================================
DAG File Processing Stats

File Path                                 PID  Runtime      # DAGs    # Errors  Last Runtime    Last Run
--------------------------------------  -----  ---------  --------  ----------  --------------  -------------------
/opt/airflow/dags/tiki_pipeline_dag.py    604  0.02s             1           0  0.12s           2026-09-26T11:30:31
================================================================================
[2026-09-26T11:31:31.600+0000] {manager.py:879} INFO - 
================================================================================
DAG File Processing Stats

File Path                                 PID  Runtime      # DAGs    # Errors  Last Runtime    Last Run
--------------------------------------  -----  ---------  --------  ----------  --------------  -------------------
/opt/airflow/dags/tiki_pipeline_dag.py    609  0.01s             1           0  0.20s           2026-09-26T11:31:01
================================================================================
[2026-09-26T11:32:01.870+0000] {manager.py:879} INFO - 
================================================================================
DAG File Processing Stats

File Path                                 PID  Runtime      # DAGs    # Errors  Last Runtime    Last Run
--------------------------------------  -----  ---------  --------  ----------  --------------  -------------------
/opt/airflow/dags/tiki_pipeline_dag.py    614  0.01s             1           0  0.13s           2026-09-26T11:31:31
================================================================================
[2026-09-26T11:32:07.998+0000] {manager.py:738} INFO - Searching for files in /opt/airflow/dags
[2026-09-26T11:32:08.013+0000] {manager.py:741} INFO - There are 1 files in /opt/airflow/dags
[2026-09-26T11:32:32.291+0000] {manager.py:879} INFO - 
================================================================================
DAG File Processing Stats

File Path                                 PID  Runtime      # DAGs    # Errors  Last Runtime    Last Run
--------------------------------------  -----  ---------  --------  ----------  --------------  -------------------
/opt/airflow/dags/tiki_pipeline_dag.py    619  0.01s             1           0  0.13s           2026-09-26T11:32:01
================================================================================
[2026-09-26T11:33:02.595+0000] {manager.py:879} INFO - 
================================================================================
DAG File Processing Stats

File Path                                 PID  Runtime      # DAGs    # Errors  Last Runtime    Last Run
--------------------------------------  -----  ---------  --------  ----------  --------------  -------------------
/opt/airflow/dags/tiki_pipeline_dag.py    624  0.01s             1           0  0.14s           2026-09-26T11:32:32
================================================================================
[2026-09-26T11:33:32.934+0000] {manager.py:879} INFO - 
================================================================================
DAG File Processing Stats

File Path                                 PID  Runtime      # DAGs    # Errors  Last Runtime    Last Run
--------------------------------------  -----  ---------  --------  ----------  --------------  -------------------
/opt/airflow/dags/tiki_pipeline_dag.py    629  0.01s             1           0  0.12s           2026-09-26T11:33:02
================================================================================
[2026-09-26T11:34:03.429+0000] {manager.py:879} INFO - 
================================================================================
DAG File Processing Stats

File Path                                 PID  Runtime      # DAGs    # Errors  Last Runtime    Last Run
--------------------------------------  -----  ---------  --------  ----------  --------------  -------------------
/opt/airflow/dags/tiki_pipeline_dag.py    634  0.00s             1           0  0.13s           2026-09-26T11:33:33
================================================================================
[2026-09-26T11:34:33.713+0000] {manager.py:879} INFO - 
================================================================================
DAG File Processing Stats

File Path                                 PID  Runtime      # DAGs    # Errors  Last Runtime    Last Run
--------------------------------------  -----  ---------  --------  ----------  --------------  -------------------
/opt/airflow/dags/tiki_pipeline_dag.py    639  0.01s             1           0  0.12s           2026-09-26T11:34:03
================================================================================
[2026-09-26T11:35:04.066+0000] {manager.py:879} INFO - 
================================================================================
DAG File Processing Stats

File Path                                 PID  Runtime      # DAGs    # Errors  Last Runtime    Last Run
--------------------------------------  -----  ---------  --------  ----------  --------------  -------------------
/opt/airflow/dags/tiki_pipeline_dag.py    644  0.01s             1           0  0.13s           2026-09-26T11:34:33
================================================================================
[2026-09-26T11:35:34.391+0000] {manager.py:879} INFO - 
================================================================================
DAG File Processing Stats

File Path                                 PID  Runtime      # DAGs    # Errors  Last Runtime    Last Run
--------------------------------------  -----  ---------  --------  ----------  --------------  -------------------
/opt/airflow/dags/tiki_pipeline_dag.py    649  0.01s             1           0  0.12s           2026-09-26T11:35:04
================================================================================
[2026-09-26T11:36:04.676+0000] {manager.py:879} INFO - 
================================================================================
DAG File Processing Stats

File Path                                 PID  Runtime      # DAGs    # Errors  Last Runtime    Last Run
--------------------------------------  -----  ---------  --------  ----------  --------------  -------------------
/opt/airflow/dags/tiki_pipeline_dag.py    654  0.01s             1           0  0.15s           2026-09-26T11:35:34
================================================================================
[2026-09-26T11:36:35.056+0000] {manager.py:879} INFO - 
================================================================================
DAG File Processing Stats

File Path                                 PID  Runtime      # DAGs    # Errors  Last Runtime    Last Run
--------------------------------------  -----  ---------  --------  ----------  --------------  -------------------
/opt/airflow/dags/tiki_pipeline_dag.py    659  0.01s             1           0  0.12s           2026-09-26T11:36:04
================================================================================
[2026-09-26T11:37:05.372+0000] {manager.py:879} INFO - 
================================================================================
DAG File Processing Stats

File Path                                 PID  Runtime      # DAGs    # Errors  Last Runtime    Last Run
--------------------------------------  -----  ---------  --------  ----------  --------------  -------------------
/opt/airflow/dags/tiki_pipeline_dag.py    664  0.01s             1           0  0.12s           2026-09-26T11:36:35
================================================================================
[2026-09-26T11:37:08.423+0000] {manager.py:738} INFO - Searching for files in /opt/airflow/dags
[2026-09-26T11:37:08.430+0000] {manager.py:741} INFO - There are 1 files in /opt/airflow/dags
[2026-09-26T11:37:35.664+0000] {manager.py:879} INFO - 
================================================================================
DAG File Processing Stats

File Path                                 PID  Runtime      # DAGs    # Errors  Last Runtime    Last Run
--------------------------------------  -----  ---------  --------  ----------  --------------  -------------------
/opt/airflow/dags/tiki_pipeline_dag.py    669  0.01s             1           0  0.13s           2026-09-26T11:37:05
================================================================================
[2026-09-26T11:38:05.998+0000] {manager.py:879} INFO - 
================================================================================
DAG File Processing Stats

File Path                                 PID  Runtime      # DAGs    # Errors  Last Runtime    Last Run
--------------------------------------  -----  ---------  --------  ----------  --------------  -------------------
/opt/airflow/dags/tiki_pipeline_dag.py    674  0.01s             1           0  0.12s           2026-09-26T11:37:35
================================================================================
[2026-09-26T11:38:36.254+0000] {manager.py:879} INFO - 
================================================================================
DAG File Processing Stats

File Path                                 PID  Runtime      # DAGs    # Errors  Last Runtime    Last Run
--------------------------------------  -----  ---------  --------  ----------  --------------  -------------------
/opt/airflow/dags/tiki_pipeline_dag.py    679  0.00s             1           0  0.13s           2026-09-26T11:38:06
================================================================================
[2026-09-26T11:39:06.548+0000] {manager.py:879} INFO - 
================================================================================
DAG File Processing Stats

File Path                                 PID  Runtime      # DAGs    # Errors  Last Runtime    Last Run
--------------------------------------  -----  ---------  --------  ----------  --------------  -------------------
/opt/airflow/dags/tiki_pipeline_dag.py    684  0.00s             1           0  0.12s           2026-09-26T11:38:36
================================================================================
[2026-09-26T11:39:36.809+0000] {manager.py:879} INFO - 
================================================================================
DAG File Processing Stats

File Path                                 PID  Runtime      # DAGs    # Errors  Last Runtime    Last Run
--------------------------------------  -----  ---------  --------  ----------  --------------  -------------------
/opt/airflow/dags/tiki_pipeline_dag.py    689  0.01s             1           0  0.11s           2026-09-26T11:39:06
================================================================================
[2026-09-26T11:40:07.173+0000] {manager.py:879} INFO - 
================================================================================
DAG File Processing Stats

File Path                                 PID  Runtime      # DAGs    # Errors  Last Runtime    Last Run
--------------------------------------  -----  ---------  --------  ----------  --------------  -------------------
/opt/airflow/dags/tiki_pipeline_dag.py    694  0.00s             1           0  0.12s           2026-09-26T11:39:36
================================================================================
[2026-09-26T11:40:37.446+0000] {manager.py:879} INFO - 
================================================================================
DAG File Processing Stats

File Path                                 PID  Runtime      # DAGs    # Errors  Last Runtime    Last Run
--------------------------------------  -----  ---------  --------  ----------  --------------  -------------------
/opt/airflow/dags/tiki_pipeline_dag.py    699  0.01s             1           0  0.10s           2026-09-26T11:40:07
================================================================================
[2026-09-26T11:41:07.774+0000] {manager.py:879} INFO - 
================================================================================
DAG File Processing Stats

File Path                                 PID  Runtime      # DAGs    # Errors  Last Runtime    Last Run
--------------------------------------  -----  ---------  --------  ----------  --------------  -------------------
/opt/airflow/dags/tiki_pipeline_dag.py    704  0.01s             1           0  0.13s           2026-09-26T11:40:37
================================================================================
[2026-09-26T11:41:38.102+0000] {manager.py:879} INFO - 
================================================================================
DAG File Processing Stats

File Path                                 PID  Runtime      # DAGs    # Errors  Last Runtime    Last Run
--------------------------------------  -----  ---------  --------  ----------  --------------  -------------------
/opt/airflow/dags/tiki_pipeline_dag.py    709  0.01s             1           0  0.12s           2026-09-26T11:41:07
================================================================================
[2026-09-26T11:42:08.444+0000] {manager.py:738} INFO - Searching for files in /opt/airflow/dags
[2026-09-26T11:42:08.461+0000] {manager.py:741} INFO - There are 1 files in /opt/airflow/dags
[2026-09-26T11:42:08.480+0000] {manager.py:879} INFO - 
================================================================================
DAG File Processing Stats

File Path                                 PID  Runtime      # DAGs    # Errors  Last Runtime    Last Run
--------------------------------------  -----  ---------  --------  ----------  --------------  -------------------
/opt/airflow/dags/tiki_pipeline_dag.py    714  0.01s             1           0  0.13s           2026-09-26T11:41:38
================================================================================
[2026-09-26T11:42:38.789+0000] {manager.py:879} INFO - 
================================================================================
DAG File Processing Stats

File Path                                 PID  Runtime      # DAGs    # Errors  Last Runtime    Last Run
--------------------------------------  -----  ---------  --------  ----------  --------------  -------------------
/opt/airflow/dags/tiki_pipeline_dag.py    719  0.01s             1           0  0.12s           2026-09-26T11:42:08
================================================================================
[2026-09-26T11:43:09.179+0000] {manager.py:879} INFO - 
================================================================================
DAG File Processing Stats

File Path                                 PID  Runtime      # DAGs    # Errors  Last Runtime    Last Run
--------------------------------------  -----  ---------  --------  ----------  --------------  -------------------
/opt/airflow/dags/tiki_pipeline_dag.py    724  0.01s             1           0  0.12s           2026-09-26T11:42:38
================================================================================
[2026-09-26T11:44:01.269+0000] {manager.py:879} INFO - 
================================================================================
DAG File Processing Stats

File Path                                 PID  Runtime      # DAGs    # Errors  Last Runtime    Last Run
--------------------------------------  -----  ---------  --------  ----------  --------------  -------------------
/opt/airflow/dags/tiki_pipeline_dag.py    729  0.72s             1           0  0.13s           2026-09-26T11:43:09
================================================================================
[2026-09-26T11:44:31.485+0000] {manager.py:879} INFO - 
================================================================================
DAG File Processing Stats

File Path                               PID    Runtime      # DAGs    # Errors  Last Runtime    Last Run
--------------------------------------  -----  ---------  --------  ----------  --------------  -------------------
/opt/airflow/dags/tiki_pipeline_dag.py                           1           0  1.28s           2026-09-26T11:44:01
================================================================================
[2026-09-26T11:47:51.919+0000] {manager.py:738} INFO - Searching for files in /opt/airflow/dags
[2026-09-26T11:47:53.140+0000] {manager.py:741} INFO - There are 1 files in /opt/airflow/dags
[2026-09-26T11:47:53.422+0000] {manager.py:879} INFO - 
================================================================================
DAG File Processing Stats

File Path                                 PID  Runtime      # DAGs    # Errors  Last Runtime    Last Run
--------------------------------------  -----  ---------  --------  ----------  --------------  -------------------
/opt/airflow/dags/tiki_pipeline_dag.py    742  0.01s             1           0  5.25s           2026-09-26T11:44:37
================================================================================
[2026-09-26T11:47:53.428+0000] {manager.py:451} INFO - Exiting gracefully upon receiving signal 15
[2026-09-26T11:47:53.428+0000] {manager.py:451} INFO - Exiting gracefully upon receiving signal 15
[2026-09-26T11:47:54.428+0000] {manager.py:451} INFO - Exiting gracefully upon receiving signal 15
[2026-09-26T11:47:54.860+0000] {manager.py:469} INFO - Processing files using up to 2 processes at a time 
[2026-09-26T11:47:54.860+0000] {manager.py:470} INFO - Process each file at most once every 30 seconds
[2026-09-26T11:47:54.861+0000] {manager.py:471} INFO - Checking for new files in /opt/airflow/dags every 300 seconds
[2026-09-26T11:47:54.862+0000] {manager.py:738} INFO - Searching for files in /opt/airflow/dags
[2026-09-26T11:47:54.868+0000] {manager.py:741} INFO - There are 1 files in /opt/airflow/dags
[2026-09-26T11:47:54.920+0000] {manager.py:879} INFO - 
================================================================================
DAG File Processing Stats

File Path                                 PID  Runtime      # DAGs    # Errors  Last Runtime    Last Run
--------------------------------------  -----  ---------  --------  ----------  --------------  ----------
/opt/airflow/dags/tiki_pipeline_dag.py    749  0.02s             0           0
================================================================================
[2026-09-26T11:48:25.174+0000] {manager.py:879} INFO - 
================================================================================
DAG File Processing Stats

File Path                                 PID  Runtime      # DAGs    # Errors  Last Runtime    Last Run
--------------------------------------  -----  ---------  --------  ----------  --------------  -------------------
/opt/airflow/dags/tiki_pipeline_dag.py    754  0.01s             1           0  0.15s           2026-09-26T11:47:55
================================================================================
[2026-09-26T11:48:55.513+0000] {manager.py:879} INFO - 
================================================================================
DAG File Processing Stats

File Path                                 PID  Runtime      # DAGs    # Errors  Last Runtime    Last Run
--------------------------------------  -----  ---------  --------  ----------  --------------  -------------------
/opt/airflow/dags/tiki_pipeline_dag.py    759  0.01s             1           0  0.13s           2026-09-26T11:48:25
================================================================================
[2026-09-26T11:49:25.743+0000] {manager.py:879} INFO - 
================================================================================
DAG File Processing Stats

File Path                                 PID  Runtime      # DAGs    # Errors  Last Runtime    Last Run
--------------------------------------  -----  ---------  --------  ----------  --------------  -------------------
/opt/airflow/dags/tiki_pipeline_dag.py    764  0.01s             1           0  0.12s           2026-09-26T11:48:55
================================================================================
[2026-09-26T11:49:56.121+0000] {manager.py:879} INFO - 
================================================================================
DAG File Processing Stats

File Path                                 PID  Runtime      # DAGs    # Errors  Last Runtime    Last Run
--------------------------------------  -----  ---------  --------  ----------  --------------  -------------------
/opt/airflow/dags/tiki_pipeline_dag.py    769  0.01s             1           0  0.11s           2026-09-26T11:49:25
================================================================================
[2026-09-26T11:50:26.387+0000] {manager.py:879} INFO - 
================================================================================
DAG File Processing Stats

File Path                                 PID  Runtime      # DAGs    # Errors  Last Runtime    Last Run
--------------------------------------  -----  ---------  --------  ----------  --------------  -------------------
/opt/airflow/dags/tiki_pipeline_dag.py    774  0.01s             1           0  0.11s           2026-09-26T11:49:56
================================================================================
[2026-09-26T11:50:56.682+0000] {manager.py:879} INFO - 
================================================================================
DAG File Processing Stats

File Path                                 PID  Runtime      # DAGs    # Errors  Last Runtime    Last Run
--------------------------------------  -----  ---------  --------  ----------  --------------  -------------------
/opt/airflow/dags/tiki_pipeline_dag.py    779  0.01s             1           0  0.12s           2026-09-26T11:50:26
================================================================================
[2026-09-26T11:51:26.933+0000] {manager.py:879} INFO - 
================================================================================
DAG File Processing Stats

File Path                                 PID  Runtime      # DAGs    # Errors  Last Runtime    Last Run
--------------------------------------  -----  ---------  --------  ----------  --------------  -------------------
/opt/airflow/dags/tiki_pipeline_dag.py    784  0.01s             1           0  0.13s           2026-09-26T11:50:56
================================================================================
[2026-09-26T11:51:57.290+0000] {manager.py:879} INFO - 
================================================================================
DAG File Processing Stats

File Path                                 PID  Runtime      # DAGs    # Errors  Last Runtime    Last Run
--------------------------------------  -----  ---------  --------  ----------  --------------  -------------------
/opt/airflow/dags/tiki_pipeline_dag.py    789  0.00s             1           0  0.12s           2026-09-26T11:51:27
================================================================================
[2026-09-26T11:52:27.559+0000] {manager.py:879} INFO - 
================================================================================
DAG File Processing Stats

File Path                                 PID  Runtime      # DAGs    # Errors  Last Runtime    Last Run
--------------------------------------  -----  ---------  --------  ----------  --------------  -------------------
/opt/airflow/dags/tiki_pipeline_dag.py    794  0.01s             1           0  0.12s           2026-09-26T11:51:57
================================================================================
[2026-09-26T11:52:55.860+0000] {manager.py:738} INFO - Searching for files in /opt/airflow/dags
[2026-09-26T11:52:55.873+0000] {manager.py:741} INFO - There are 1 files in /opt/airflow/dags
[2026-09-26T11:52:57.918+0000] {manager.py:879} INFO - 
================================================================================
DAG File Processing Stats

File Path                                 PID  Runtime      # DAGs    # Errors  Last Runtime    Last Run
--------------------------------------  -----  ---------  --------  ----------  --------------  -------------------
/opt/airflow/dags/tiki_pipeline_dag.py    799  0.01s             1           0  0.12s           2026-09-26T11:52:27
================================================================================
[2026-09-26T11:53:28.203+0000] {manager.py:879} INFO - 
================================================================================
DAG File Processing Stats

File Path                                 PID  Runtime      # DAGs    # Errors  Last Runtime    Last Run
--------------------------------------  -----  ---------  --------  ----------  --------------  -------------------
/opt/airflow/dags/tiki_pipeline_dag.py    804  0.01s             1           0  0.12s           2026-09-26T11:52:58
================================================================================
[2026-09-26T11:53:58.566+0000] {manager.py:879} INFO - 
================================================================================
DAG File Processing Stats

File Path                                 PID  Runtime      # DAGs    # Errors  Last Runtime    Last Run
--------------------------------------  -----  ---------  --------  ----------  --------------  -------------------
/opt/airflow/dags/tiki_pipeline_dag.py    809  0.00s             1           0  0.12s           2026-09-26T11:53:28
================================================================================
[2026-09-26T11:54:28.804+0000] {manager.py:879} INFO - 
================================================================================
DAG File Processing Stats

File Path                                 PID  Runtime      # DAGs    # Errors  Last Runtime    Last Run
--------------------------------------  -----  ---------  --------  ----------  --------------  -------------------
/opt/airflow/dags/tiki_pipeline_dag.py    814  0.01s             1           0  0.12s           2026-09-26T11:53:58
================================================================================
[2026-09-26T11:54:59.192+0000] {manager.py:879} INFO - 
================================================================================
DAG File Processing Stats

File Path                                 PID  Runtime      # DAGs    # Errors  Last Runtime    Last Run
--------------------------------------  -----  ---------  --------  ----------  --------------  -------------------
/opt/airflow/dags/tiki_pipeline_dag.py    819  0.01s             1           0  0.12s           2026-09-26T11:54:28
================================================================================
[2026-09-26T11:55:29.507+0000] {manager.py:879} INFO - 
================================================================================
DAG File Processing Stats

File Path                                 PID  Runtime      # DAGs    # Errors  Last Runtime    Last Run
--------------------------------------  -----  ---------  --------  ----------  --------------  -------------------
/opt/airflow/dags/tiki_pipeline_dag.py    824  0.01s             1           0  0.12s           2026-09-26T11:54:59
================================================================================
[2026-09-26T11:55:59.821+0000] {manager.py:879} INFO - 
================================================================================
DAG File Processing Stats

File Path                                 PID  Runtime      # DAGs    # Errors  Last Runtime    Last Run
--------------------------------------  -----  ---------  --------  ----------  --------------  -------------------
/opt/airflow/dags/tiki_pipeline_dag.py    829  0.01s             1           0  0.11s           2026-09-26T11:55:29
================================================================================
[2026-09-26T11:56:30.125+0000] {manager.py:879} INFO - 
================================================================================
DAG File Processing Stats

File Path                                 PID  Runtime      # DAGs    # Errors  Last Runtime    Last Run
--------------------------------------  -----  ---------  --------  ----------  --------------  -------------------
/opt/airflow/dags/tiki_pipeline_dag.py    834  0.01s             1           0  0.13s           2026-09-26T11:55:59
================================================================================
[2026-09-26T11:57:00.465+0000] {manager.py:879} INFO - 
================================================================================
DAG File Processing Stats

File Path                                 PID  Runtime      # DAGs    # Errors  Last Runtime    Last Run
--------------------------------------  -----  ---------  --------  ----------  --------------  -------------------
/opt/airflow/dags/tiki_pipeline_dag.py    839  0.01s             1           0  0.12s           2026-09-26T11:56:30
================================================================================
[2026-09-26T11:57:30.768+0000] {manager.py:879} INFO - 
================================================================================
DAG File Processing Stats

File Path                                 PID  Runtime      # DAGs    # Errors  Last Runtime    Last Run
--------------------------------------  -----  ---------  --------  ----------  --------------  -------------------
/opt/airflow/dags/tiki_pipeline_dag.py    844  0.01s             1           0  0.11s           2026-09-26T11:57:00
================================================================================
